,K,F,Moneyness,opt_type,T,price,implied_vol
0,2640.0,2749.32989979,96.0233982906,put,0.02,3.45,21.4792370616
1,2025.0,2761.89547187,73.3192121363,put,0.78,18.6,24.9535171222
2,2060.0,2749.32989979,74.9273486661,put,0.02,0.05,64.9510185072
3,1625.0,2778.51665839,58.4844433122,put,1.78,20.1,26.3243630803
4,2120.0,2749.32989979,77.1096986273,put,0.02,0.05,58.9172509384
5,3020.0,2752.13564698,109.732963319,call,0.19,1.35,10.9539739415
6,2995.0,2752.13564698,108.824577861,call,0.19,1.675,10.5167585449
7,1825.0,2757.92120455,66.173029055,put,0.54,5.05,29.2903644369
8,2025.0,2795.23787182,72.4446395212,put,2.78,89.8,22.1065557582
9,3100.0,2757.92120455,112.403501409,call,0.54,6.9,10.6954273304
10,500.0,2761.89547187,18.1035091694,put,0.78,0.1,59.9376197728
11,3400.0,2757.92120455,123.281259609,call,0.54,1.4,12.9238267478
12,2825.0,2749.32989979,102.752310671,call,0.02,0.7,10.9729744154
13,1675.0,2770.19359925,60.4650880882,put,1.28,14.1,27.2588228612
14,2255.0,2749.32989979,82.0199860398,put,0.02,0.1,48.6931390356
15,2825.0,2778.51665839,101.672955297,call,1.78,209.95,15.7687808844
16,3300.0,2795.23787182,118.057931072,call,2.78,98.7,14.0865679836
17,4100.0,2778.51665839,147.56074928,call,1.78,2.425,12.9517843996
18,1925.0,2749.32989979,70.0170612535,put,0.02,0.05,79.0898032212
19,2625.0,2749.32989979,95.4778108003,put,0.02,2.725,22.4001823086
20,2325.0,2761.89547187,84.1813176379,put,0.78,46.25,21.3089987383
21,3175.0,2749.32989979,115.482685444,call,0.02,0.025,31.8475522023
22,2700.0,2749.32989979,98.2057482517,put,0.02,9.1,17.4761068281
23,3400.0,2761.89547187,123.103862352,call,0.78,3.15,12.0696936903
24,2955.0,2749.32989979,107.480735587,call,0.02,0.05,18.0262726439
25,3175.0,2761.89547187,114.957283226,call,0.78,10.1,11.1036734887
26,2235.0,2749.32989979,81.2925360528,put,0.02,0.1,50.6976698185
27,3060.0,2749.32989979,111.299848019,call,0.02,0.025,24.2845857132
28,2495.0,2749.32989979,90.7493858844,put,0.02,0.6,31.4633612174
29,3900.0,2778.51665839,140.362663949,call,1.78,3.9,12.3562105191
30,2020.0,2749.32989979,73.472448692,put,0.02,0.05,69.0553025483
31,1425.0,2770.19359925,51.440448075,put,1.28,6.45,30.1351749322
32,3350.0,2749.32989979,121.847872831,call,0.02,0.025,42.5883595259
33,3400.0,2795.23787182,121.635444134,call,2.78,74.8,13.6961519189
34,1650.0,2757.92120455,59.8276701046,put,0.54,2.65,32.1924890164
35,2625.0,2770.19359925,94.7587201382,put,1.28,144.75,17.3241528317
36,3020.0,2749.32989979,109.844948044,call,0.02,0.05,22.8737382784
37,2575.0,2757.92120455,93.3674245571,put,0.54,68.1,18.1029784582
38,2225.0,2778.51665839,80.0786993045,put,1.78,83.8,21.0417735501
39,2550.0,2749.32989979,92.7498733488,put,0.02,1.025,27.4436318372
40,1950.0,2761.89547187,70.6036857608,put,0.78,14.5,25.8354998272
41,1500.0,2757.92120455,54.3887910041,put,0.54,1.525,34.9256888543
42,2700.0,2757.92120455,97.8998238075,put,0.54,100.45,15.9655856767
43,2850.0,2795.23787182,101.959122289,call,2.78,273.05,16.2544486515
44,3700.0,2761.89547187,133.965967854,call,0.78,1.175,13.9824649172
45,3000.0,2778.51665839,107.971279961,call,1.78,126.8,14.4334681207
46,2705.0,2749.32989979,98.3876107485,put,0.02,9.9,17.1218635716
47,2090.0,2749.32989979,76.0185236467,put,0.02,0.05,61.9163409405
48,750.0,2778.51665839,26.9928199903,put,1.78,0.9,37.2290914534
49,2075.0,2757.92120455,75.2378275557,put,0.54,12.75,25.6055320742
50,1900.0,2770.19359925,68.5872641,put,1.28,26.7,24.8986345245
51,2780.0,2749.32989979,101.1155482,call,0.02,7.75,12.3990500962
52,2775.0,2770.19359925,100.173504146,call,1.28,193.35,15.7818484704
53,2575.0,2761.89547187,93.2330722226,put,0.78,92.0,18.0829158724
54,2900.0,2757.92120455,105.151662608,call,0.54,48.0,12.5640061144
55,3175.0,2778.51665839,114.269604625,call,1.78,66.95,13.2073634644
56,2225.0,2761.89547187,80.560615804,put,0.78,34.6,22.5513881926
57,1700.0,2761.89547187,61.5519311761,put,0.78,5.95,28.8381543969
58,2550.0,2757.92120455,92.460944707,put,0.54,62.95,18.5111101933
59,3100.0,2749.32989979,112.754747993,call,0.02,0.025,26.9668819163
60,2325.0,2749.32989979,84.5660609945,put,0.02,0.175,44.1313868096
61,2450.0,2757.92120455,88.8350253068,put,0.54,45.75,20.0898342375
62,2785.0,2749.32989979,101.297410697,call,0.02,6.2,12.1216767575
63,2165.0,2749.32989979,78.7464610981,put,0.02,0.05,54.4819847031
64,800.0,2778.51665839,28.7923413229,put,1.78,1.075,36.1393927857
65,2315.0,2749.32989979,84.202336001,put,0.02,0.15,44.4613338996
66,2750.0,2757.92120455,99.7127835076,put,0.54,117.05,15.0381320947
67,1000.0,2749.32989979,36.3724993525,put,0.02,0.025,200.0
68,2755.0,2749.32989979,100.206235716,call,0.02,19.3,14.1824298973
69,2745.0,2749.32989979,99.8425107226,put,0.02,20.3,14.4531238404
70,2725.0,2761.89547187,98.6641249735,put,0.78,134.6,15.8386104698
71,2375.0,2770.19359925,85.734080125,put,1.28,85.65,20.096276812
72,2965.0,2752.13564698,107.734515312,call,0.19,2.425,10.1703964743
73,1300.0,2749.32989979,47.2842491582,put,0.02,0.025,151.934829913
74,3600.0,2749.32989979,130.940997669,call,0.02,0.025,56.6491978801
75,2450.0,2761.89547187,88.7071949303,put,0.78,65.85,19.7542109267
76,1975.0,2757.92120455,71.6119081555,put,0.54,8.9,27.0810487747
77,2200.0,2757.92120455,79.7702268061,put,0.54,19.8,23.7939737302
78,2050.0,2778.51665839,73.7803746401,put,1.78,57.6,22.5535743926
79,2335.0,2749.32989979,84.929785988,put,0.02,0.175,43.1066764851
80,1925.0,2757.92120455,69.7989484553,put,0.54,7.4,27.8190934625
81,2100.0,2757.92120455,76.1443074058,put,0.54,13.95,25.2473380338
82,3250.0,2749.32989979,118.210622896,call,0.02,0.025,36.5539523273
83,3500.0,2749.32989979,127.303747734,call,0.02,0.025,51.1859777127
84,2270.0,2749.32989979,82.5655735301,put,0.02,0.1,47.1978233249
85,2430.0,2749.32989979,88.3851734265,put,0.02,0.35,36.2331830476
86,2300.0,2778.51665839,82.7779813035,put,1.78,97.45,20.378915877
87,2915.0,2752.13564698,105.917744396,call,0.19,5.9,10.2419517496
88,2330.0,2749.32989979,84.7479234913,put,0.02,0.15,42.9414809723
89,2875.0,2761.89547187,104.095177724,call,0.78,86.65,13.725895214
90,1525.0,2749.32989979,55.4680615125,put,0.02,0.025,120.846205946
91,2325.0,2757.92120455,84.3026260564,put,0.54,30.35,21.9773941446
92,2620.0,2749.32989979,95.2959483035,put,0.02,2.55,22.7622537723
93,3150.0,2749.32989979,114.57337296,call,0.02,0.025,30.2410592913
94,2040.0,2749.32989979,74.1998986791,put,0.02,0.05,66.994674031
95,2250.0,2770.19359925,81.2217601185,put,1.28,64.4,21.3723414074
96,1550.0,2757.92120455,56.2017507043,put,0.54,1.825,33.9661596159
97,2585.0,2749.32989979,94.0229108262,put,0.02,1.575,25.0759079781
98,1725.0,2778.51665839,62.0834859776,put,1.78,26.25,25.3991276824
99,3350.0,2757.92120455,121.468299909,call,0.54,1.725,12.5109437411
100,2920.0,2749.32989979,106.207698109,call,0.02,0.05,15.3205245513
101,2415.0,2749.32989979,87.8395859362,put,0.02,0.325,37.5089074203
102,2350.0,2770.19359925,84.8316161237,put,1.28,81.0,20.3547358231
103,1350.0,2749.32989979,49.1028741258,put,0.02,0.025,144.594907661
104,3900.0,2795.23787182,139.523009448,call,2.78,16.4,12.609185072
105,1400.0,2795.23787182,50.0851828788,put,2.78,22.0,26.6850231828
106,2945.0,2749.32989979,107.117010593,call,0.02,0.05,17.2606702685
107,3030.0,2749.32989979,110.208673038,call,0.02,0.025,22.2330586099
108,1875.0,2749.32989979,68.1984362859,put,0.02,0.025,80.2955254478
109,1100.0,2770.19359925,39.7084160579,put,1.28,1.95,34.3838737024
110,1400.0,2757.92120455,50.7628716039,put,0.54,1.075,36.9796891884
111,2125.0,2770.19359925,76.7094401119,put,1.28,47.75,22.635039635
112,2220.0,2749.32989979,80.7469485625,put,0.02,0.1,52.2094320388
113,2925.0,2778.51665839,105.271997962,call,1.78,159.75,14.998906043
114,3300.0,2778.51665839,118.768407957,call,1.78,39.35,12.5256544567
115,3025.0,2778.51665839,108.871040627,call,1.78,116.7,14.2440462363
116,1830.0,2749.32989979,66.561673815,put,0.02,0.025,85.0933661381
117,2650.0,2749.32989979,96.3871232841,put,0.02,3.95,20.7167436069
118,1700.0,2757.92120455,61.6406298047,put,0.54,3.15,31.2821259986
119,2600.0,2778.51665839,93.5751092996,put,1.78,171.15,17.6709010129
120,2080.0,2749.32989979,75.6547986532,put,0.02,0.05,62.9238696698
121,2030.0,2749.32989979,73.8361736855,put,0.02,0.05,68.0228372976
122,1700.0,2770.19359925,61.3675520895,put,1.28,15.2,26.9952793065
123,4100.0,2761.89547187,148.448775189,call,0.78,0.35,15.9374864686
124,3700.0,2778.51665839,133.164578619,call,1.78,7.25,11.9449518997
125,1450.0,2778.51665839,52.1861186478,put,1.78,12.15,28.0174810347
126,3025.0,2761.89547187,109.526230475,call,0.78,31.8,11.829361888
127,1890.0,2749.32989979,68.7440237762,put,0.02,0.025,78.7194173403
128,2750.0,2778.51665839,98.9736732976,put,1.78,221.4,16.1917588959
129,2775.0,2761.89547187,100.47447589,call,0.78,141.45,15.2432404468
130,400.0,2761.89547187,14.4828073356,put,0.78,0.05,64.3732312072
131,2960.0,2749.32989979,107.662598083,call,0.02,0.05,18.4069507863
132,2000.0,2749.32989979,72.744998705,put,0.02,0.025,67.4906323218
133,2725.0,2778.51665839,98.0739126313,put,1.78,212.45,16.4568587536
134,2975.0,2757.92120455,107.871102158,call,0.54,24.1,11.4514048966
135,3000.0,2770.19359925,108.295680158,call,1.28,82.55,13.4244397041
136,900.0,2761.89547187,32.586316505,put,0.78,0.375,44.3807552512
137,2665.0,2749.32989979,96.9327107744,put,0.02,5.05,19.772873341
138,1900.0,2795.23787182,67.9727481927,put,2.78,70.2,22.9482558361
139,2260.0,2749.32989979,82.2018485366,put,0.02,0.1,48.1939442843
140,2870.0,2749.32989979,104.389073142,call,0.02,0.125,12.519399074
141,1850.0,2778.51665839,66.5822893093,put,1.78,36.05,24.28815238
142,2590.0,2749.32989979,94.2047733229,put,0.02,1.675,24.7229169525
143,1275.0,2749.32989979,46.3749366744,put,0.02,0.025,155.709720279
144,2435.0,2749.32989979,88.5670359233,put,0.02,0.4,36.2870446528
145,2225.0,2770.19359925,80.3192961171,put,1.28,60.7,21.621332145
146,1825.0,2761.89547187,66.0778084685,put,0.78,9.4,27.3186902667
147,2675.0,2770.19359925,96.5636481408,put,1.28,160.0,16.7356660493
148,2675.0,2778.51665839,96.2743912986,put,1.78,194.8,16.9314201879
149,1300.0,2757.92120455,47.1369522036,put,0.54,0.75,39.1341116368
150,1910.0,2749.32989979,69.4714737632,put,0.02,0.025,76.6353557572
151,3350.0,2778.51665839,120.56792929,call,1.78,31.55,12.3262509171
152,2865.0,2749.32989979,104.207210645,call,0.02,0.15,12.3448660148
153,2900.0,2770.19359925,104.685824153,call,1.28,126.1,14.4576464832
154,2130.0,2749.32989979,77.4734236208,put,0.02,0.05,57.9251967572
155,2425.0,2761.89547187,87.8020194718,put,0.78,61.55,20.0867223512
156,2370.0,2749.32989979,86.2028234654,put,0.02,0.225,40.61228097
157,3125.0,2778.51665839,112.470083293,call,1.78,81.55,13.5384028914
158,1940.0,2749.32989979,70.5626487438,put,0.02,0.05,77.4771028771
159,1300.0,2761.89547187,47.0691238406,put,0.78,1.3,34.6934324274
160,2900.0,2795.23787182,103.74787882,call,2.78,248.7,16.0131492021
161,2830.0,2749.32989979,102.934173168,call,0.02,0.55,11.0598162208
162,2100.0,2778.51665839,75.5798959727,put,1.78,64.35,22.1271730881
163,1950.0,2749.32989979,70.9263737373,put,0.02,0.025,72.5250630361
164,2950.0,2795.23787182,105.536635352,call,2.78,225.5,15.7678311238
165,800.0,2761.89547187,28.9656146711,put,0.78,0.275,47.5165940426
166,2625.0,2778.51665839,94.4748699659,put,1.78,178.9,17.4370981231
167,1850.0,2795.23787182,66.1839916613,put,2.78,63.25,23.2811582568
168,2420.0,2749.32989979,88.021448433,put,0.02,0.325,36.9763552122
169,2030.0,2752.13564698,73.7608991849,put,0.19,2.275,33.3936801833
170,3900.0,2761.89547187,141.207371522,call,0.78,0.525,14.7303200765
171,1200.0,2761.89547187,43.4484220067,put,0.78,0.9,36.569104374
172,2615.0,2749.32989979,95.1140858067,put,0.02,2.35,23.0410166181
173,2300.0,2770.19359925,83.0266881211,put,1.28,72.4,20.8769122315
174,2575.0,2749.32989979,93.6591858326,put,0.02,1.375,25.7102345409
175,300.0,2761.89547187,10.8621055017,put,0.78,0.025,70.6274246504
176,2225.0,2749.32989979,80.9288110593,put,0.02,0.1,51.704698802
177,1750.0,2770.19359925,63.1724800921,put,1.28,17.55,26.4512108342
178,2875.0,2778.51665839,103.472476629,call,1.78,184.0,15.3830013516
179,2175.0,2749.32989979,79.1101860916,put,0.02,0.075,55.3650465006
180,1975.0,2749.32989979,71.8356862212,put,0.02,0.025,69.993882669
181,2685.0,2749.32989979,97.6601607614,put,0.02,7.05,18.4772471877
182,1575.0,2757.92120455,57.1082305543,put,0.54,1.975,33.4496929578
183,1475.0,2761.89547187,53.4053520499,put,0.78,2.575,31.9518958886
184,1810.0,2749.32989979,65.834223828,put,0.02,0.025,87.2603743139
185,1950.0,2778.51665839,70.1813319747,put,1.78,45.8,23.4123614277
186,1675.0,2757.92120455,60.7341499546,put,0.54,2.925,31.7907089824
187,2490.0,2749.32989979,90.5675233877,put,0.02,0.575,31.8388349615
188,3000.0,2757.92120455,108.777582008,call,0.54,18.7,11.1737713583
189,2475.0,2770.19359925,89.3439361303,put,1.28,98.25,18.2278446717
190,3700.0,2757.92120455,134.15901781,call,0.54,0.4,14.9422192901
191,1675.0,2761.89547187,60.6467557176,put,0.78,5.45,29.1801883961
192,1800.0,2778.51665839,64.7827679766,put,1.78,31.85,24.7331886758
193,3200.0,2778.51665839,115.169365292,call,1.78,60.4,13.049929403
194,1500.0,2778.51665839,53.9856399805,put,1.78,14.0,27.4833468107
195,1790.0,2749.32989979,65.1067738409,put,0.02,0.025,89.4494827457
196,3200.0,2757.92120455,116.029420809,call,0.54,3.4,11.1875650282
197,1600.0,2749.32989979,58.195998964,put,0.02,0.025,111.465834434
198,650.0,2778.51665839,23.3937773249,put,1.78,0.575,39.3436635493
199,1925.0,2761.89547187,69.6985103024,put,0.78,13.3,26.1215390203
200,2185.0,2749.32989979,79.4739110852,put,0.02,0.075,54.3633965093
201,1600.0,2795.23787182,57.2402090044,put,2.78,36.4,25.107391635
202,2600.0,2757.92120455,94.2739044072,put,0.54,73.7,17.6967649792
203,2565.0,2749.32989979,93.2954608391,put,0.02,1.225,26.4237910977
204,2835.0,2749.32989979,103.116035664,call,0.02,0.425,11.1226611005
205,2290.0,2749.32989979,83.2930235172,put,0.02,0.125,46.1792740885
206,2475.0,2778.51665839,89.0763059679,put,1.78,136.3,18.8120915298
207,400.0,2778.51665839,14.3961706615,put,1.78,0.2,47.5719294458
208,1970.0,2749.32989979,71.6538237244,put,0.02,0.05,74.2842476533
209,2900.0,2752.13564698,105.372713121,call,0.19,8.0,10.450475562
210,700.0,2778.51665839,25.1932986576,put,1.78,0.7,38.1254220303
211,2050.0,2761.89547187,74.2243875947,put,0.78,20.15,24.6524860437
212,4200.0,2778.51665839,151.159791945,call,1.78,1.85,13.1589062481
213,2050.0,2770.19359925,74.0020481079,put,1.28,39.6,23.3894163377
214,2115.0,2749.32989979,76.9278361305,put,0.02,0.05,59.4146932652
215,1775.0,2749.32989979,64.5611863507,put,0.02,0.025,91.1061631641
216,2700.0,2778.51665839,97.174151965,put,1.78,203.6,16.7044464089
217,4000.0,2795.23787182,143.100522511,call,2.78,12.2,12.5598455468
218,1750.0,2761.89547187,63.3622820931,put,0.78,7.2,28.2487540955
219,1975.0,2778.51665839,71.081092641,put,1.78,48.55,23.1968472342
220,1100.0,2757.92120455,39.885113403,put,0.54,0.4,44.3757074079
221,2075.0,2778.51665839,74.6801353064,put,1.78,60.9,22.340163688
222,2045.0,2749.32989979,74.3817611758,put,0.02,0.05,66.4821872424
223,1525.0,2778.51665839,54.8854006469,put,1.78,15.2,27.2906824435
224,1625.0,2770.19359925,58.6601600856,put,1.28,12.1,27.7920422612
225,2910.0,2749.32989979,105.843973116,call,0.02,0.075,15.1426192011
226,1700.0,2778.51665839,61.1837253113,put,1.78,24.65,25.6436933718
227,1875.0,2757.92120455,67.9859887552,put,0.54,6.1,28.5330700632
228,1175.0,2761.89547187,42.5432465482,put,0.78,0.825,37.0853107032
229,1875.0,2761.89547187,67.8881593854,put,0.78,11.2,26.7169974815
230,2150.0,2778.51665839,77.3794173054,put,1.78,71.65,21.6940031287
231,3150.0,2761.89547187,114.052107768,call,0.78,12.1,11.1272281281
232,2925.0,2795.23787182,104.642257086,call,2.78,236.95,15.8907076633
233,4100.0,2757.92120455,148.662695411,call,0.54,0.05,16.3229758886
234,3500.0,2778.51665839,125.966493288,call,1.78,16.15,11.9448484447
235,2150.0,2757.92120455,77.9572671059,put,0.54,16.65,24.5249899233
236,2925.0,2749.32989979,106.389560606,call,0.02,0.025,14.740422871
237,1475.0,2749.32989979,53.6494365449,put,0.02,0.025,127.34962475
238,3250.0,2757.92120455,117.842380509,call,0.54,2.6,11.5811861424
239,2750.0,2749.32989979,100.024373219,call,0.02,22.3,14.5916829768
240,2905.0,2749.32989979,105.662110619,call,0.02,0.075,14.7328503577
241,3075.0,2757.92120455,111.497021558,call,0.54,8.75,10.7268243331
242,2595.0,2749.32989979,94.3866358197,put,0.02,1.8,24.4157816518
243,2875.0,2749.32989979,104.570935638,call,0.02,0.125,12.9638805271
244,1275.0,2761.89547187,46.1639483821,put,0.78,1.2,35.1948312617
245,1550.0,2778.51665839,55.7851613132,put,1.78,16.35,27.0552367505
246,2385.0,2749.32989979,86.7484109557,put,0.02,0.25,39.5145852084
247,2950.0,2757.92120455,106.964622308,call,0.54,30.75,11.7808946192
248,2950.0,2749.32989979,107.29887309,call,0.02,0.025,16.5735247881
249,300.0,2778.51665839,10.7971279961,put,1.78,0.15,53.4295588952
250,1750.0,2757.92120455,63.4535895048,put,0.54,3.85,30.5240500928
251,2580.0,2749.32989979,93.8410483294,put,0.02,1.475,25.4056477033
252,2300.0,2757.92120455,83.3961462063,put,0.54,27.9,22.3441258195
253,2500.0,2757.92120455,90.6479850069,put,0.54,53.75,19.3157061427
254,2795.0,2749.32989979,101.66113569,call,0.02,3.75,11.5919657042
255,2705.0,2752.13564698,98.2873065493,put,0.19,51.3,15.2832350965
256,2815.0,2749.32989979,102.388585677,call,0.02,1.2,10.9621558788
257,2825.0,2770.19359925,101.978432149,call,1.28,164.95,15.255305515
258,1725.0,2761.89547187,62.4571066346,put,0.78,6.55,28.5433257091
259,2150.0,2761.89547187,77.8450894286,put,0.78,27.65,23.4747217348
260,1500.0,2770.19359925,54.147840079,put,1.28,8.4,29.3422536806
261,2425.0,2778.51665839,87.2767846352,put,1.78,124.15,19.266572927
262,2770.0,2749.32989979,100.751823206,call,0.02,11.65,13.0622363789
263,2450.0,2778.51665839,88.1765453015,put,1.78,130.15,19.0431035358
264,2975.0,2749.32989979,108.208185574,call,0.02,0.025,18.3740404851
265,2060.0,2752.13564698,74.8509617344,put,0.19,2.5,32.4405311954
266,2150.0,2770.19359925,77.6119041132,put,1.28,50.75,22.3822697773
267,2650.0,2761.89547187,95.9485985981,put,0.78,111.5,16.9947569719
268,1925.0,2778.51665839,69.2815713083,put,1.78,43.15,23.6243039473
269,2670.0,2749.32989979,97.1145732711,put,0.02,5.45,19.4120061586
270,2160.0,2749.32989979,78.5645986014,put,0.02,0.05,54.9711688911
271,2995.0,2749.32989979,108.935635561,call,0.02,0.05,21.0343478435
272,2600.0,2795.23787182,93.0153396321,put,2.78,228.7,17.950166929
273,1900.0,2778.51665839,68.381810642,put,1.78,40.65,23.8414762154
274,1000.0,2757.92120455,36.2591940028,put,0.54,0.3,47.4686502706
275,3900.0,2757.92120455,141.410856611,call,0.54,0.175,15.9869373589
276,2875.0,2757.92120455,104.245182758,call,0.54,58.5,12.9916466996
277,2100.0,2749.32989979,76.3822486402,put,0.02,0.05,60.9127662412
278,1425.0,2757.92120455,51.6693514539,put,0.54,1.175,36.4601890547
279,1725.0,2795.23787182,61.7121003328,put,2.78,48.4,24.1722972451
280,3250.0,2778.51665839,116.968886624,call,1.78,48.95,12.7721966137
281,2025.0,2757.92120455,73.4248678556,put,0.54,10.65,26.3337355444
282,1750.0,2749.32989979,63.6518738668,put,0.02,0.025,93.8963207225
283,3050.0,2757.92120455,110.590541708,call,0.54,11.15,10.7970079802
284,2725.0,2770.19359925,98.3685761435,put,1.28,176.45,16.1171858343
285,3200.0,2761.89547187,115.862458684,call,0.78,8.5,11.1125990419
286,2880.0,2749.32989979,104.752798135,call,0.02,0.125,13.4058740585
287,2450.0,2795.23787182,87.6490700379,put,2.78,183.25,19.0628468541
288,2205.0,2749.32989979,80.2013610722,put,0.02,0.1,53.7286011555
289,2355.0,2749.32989979,85.6572359751,put,0.02,0.225,42.1719395648
290,2280.0,2749.32989979,82.9292985237,put,0.02,0.1,46.204672026
291,3150.0,2778.51665839,113.369843959,call,1.78,74.05,13.3746243258
292,2325.0,2770.19359925,83.9291521224,put,1.28,76.6,20.6164551013
293,2950.0,2770.19359925,106.490752155,call,1.28,103.05,13.9325166676
294,1350.0,2770.19359925,48.7330560711,put,1.28,4.9,30.9622348845
295,2525.0,2761.89547187,91.4227213057,put,0.78,80.7,18.7748203922
296,2525.0,2770.19359925,91.1488641329,put,1.28,117.9,18.4577329184
297,3800.0,2761.89547187,137.586669688,call,0.78,0.725,14.2450076963
298,2135.0,2749.32989979,77.6552861175,put,0.02,0.05,57.4305707518
299,1350.0,2757.92120455,48.9499119037,put,0.54,0.9,38.0470008107
300,2250.0,2749.32989979,81.8381235431,put,0.02,0.1,49.1931008723
301,1840.0,2749.32989979,66.9253988086,put,0.02,0.025,84.0179740562
302,3125.0,2770.19359925,112.808000165,call,1.28,43.7,12.3392498916
303,2000.0,2752.13564698,72.6708366354,put,0.19,2.05,34.297926408
304,2695.0,2749.32989979,98.0238857549,put,0.02,8.35,17.8094809069
305,1450.0,2749.32989979,52.7401240611,put,0.02,0.025,130.681770229
306,2175.0,2761.89547187,78.7502648871,put,0.78,29.8,23.1639098403
307,1950.0,2757.92120455,70.7054283054,put,0.54,8.1,27.4376768235
308,2400.0,2761.89547187,86.8968440133,put,0.78,57.3,20.3861690379
309,2400.0,2795.23787182,85.8603135066,put,2.78,169.55,19.4183570327
310,2310.0,2749.32989979,84.0204735042,put,0.02,0.15,44.969272148
311,2600.0,2770.19359925,93.8562561369,put,1.28,137.7,17.6214631758
312,2525.0,2778.51665839,90.8758273006,put,1.78,149.6,18.3692982997
313,1475.0,2770.19359925,53.2453760777,put,1.28,7.55,29.5032159544
314,1800.0,2761.89547187,65.17263301,put,0.78,8.6,27.6219185371
315,2965.0,2749.32989979,107.84446058,call,0.02,0.05,18.786248423
316,2750.0,2761.89547187,99.5693004319,put,0.78,143.2,15.433296186
317,2365.0,2749.32989979,86.0209609686,put,0.02,0.225,41.1316053031
318,100.0,2778.51665839,3.59904266537,put,1.78,0.075,76.8230345015
319,2560.0,2749.32989979,93.1135983424,put,0.02,1.15,26.7500931635
320,1960.0,2749.32989979,71.2900987309,put,0.02,0.05,75.3437849964
321,3000.0,2795.23787182,107.325391883,call,2.78,203.35,15.5120723799
322,900.0,2778.51665839,32.3913839883,put,1.78,1.675,34.5579042345
323,3200.0,2770.19359925,115.515392168,call,1.28,28.6,11.8682452738
324,2155.0,2749.32989979,78.3827361046,put,0.02,0.05,55.461242387
325,2455.0,2749.32989979,89.2944859103,put,0.02,0.4,34.120547457
326,1975.0,2761.89547187,71.5088612193,put,0.78,15.75,25.5340920119
327,2625.0,2761.89547187,95.0434231396,put,0.78,104.65,17.3665124048
328,2575.0,2770.19359925,92.9537921356,put,1.28,130.8,17.9021713115
329,2200.0,2761.89547187,79.6554403456,put,0.78,32.1,22.8533518077
330,2250.0,2778.51665839,80.9784599708,put,1.78,88.3,20.8346723304
331,2825.0,2757.92120455,102.432223058,call,0.54,82.9,13.8846501844
332,1650.0,2770.19359925,59.5626240869,put,1.28,13.1,27.5379466004
333,3350.0,2770.19359925,120.930176176,call,1.28,12.35,11.4503178656
334,1900.0,2749.32989979,69.1077487697,put,0.02,0.025,77.6749250746
335,2305.0,2749.32989979,83.8386110075,put,0.02,0.15,45.4778866462
336,1850.0,2757.92120455,67.0795089051,put,0.54,5.6,28.9532882553
337,2510.0,2749.32989979,91.2949733747,put,0.02,0.675,30.2779071209
338,4000.0,2761.89547187,144.828073356,call,0.78,0.325,14.9449762519
339,2800.0,2770.19359925,101.075968147,call,1.28,178.95,15.5221502808
340,3300.0,2770.19359925,119.125248174,call,1.28,16.15,11.5069127949
341,2625.0,2757.92120455,95.1803842572,put,0.54,79.6,17.2663999971
342,2980.0,2749.32989979,108.39004807,call,0.02,0.025,18.7304826066
343,3275.0,2761.89547187,118.57798506,call,0.78,5.4,11.316235563
344,1800.0,2749.32989979,65.4704988345,put,0.02,0.025,88.3521303889
345,3225.0,2761.89547187,116.767634143,call,0.78,7.2,11.1442950047
346,1525.0,2761.89547187,55.2157029668,put,0.78,3.175,31.3112570157
347,2850.0,2757.92120455,103.338702908,call,0.54,70.2,13.4385949777
348,2500.0,2749.32989979,90.9312483812,put,0.02,0.625,31.0777089222
349,3300.0,2757.92120455,119.655340209,call,0.54,2.025,11.9795999753
350,3060.0,2752.13564698,111.186380052,call,0.19,0.975,11.6349524857
351,1450.0,2761.89547187,52.5001765914,put,0.78,2.375,32.388861765
352,850.0,2778.51665839,30.5918626556,put,1.78,1.35,35.3334751364
353,3300.0,2761.89547187,119.483160518,call,0.78,4.85,11.4782399576
354,2675.0,2761.89547187,96.8537740565,put,0.78,118.75,16.6157131245
355,2825.0,2795.23787182,101.064744023,call,2.78,285.6,16.3707978927
356,2125.0,2761.89547187,76.9399139701,put,0.78,25.55,23.7623968123
357,1895.0,2749.32989979,68.925886273,put,0.02,0.025,78.196551886
358,2075.0,2749.32989979,75.4729361564,put,0.02,0.025,60.1395550812
359,2845.0,2749.32989979,103.479760658,call,0.02,0.325,11.6868541279
360,2250.0,2761.89547187,81.4657912625,put,0.78,37.25,22.2447774251
361,3225.0,2757.92120455,116.935900659,call,0.54,2.95,11.3728917529
362,2505.0,2749.32989979,91.113110878,put,0.02,0.65,30.6824022768
363,1775.0,2778.51665839,63.8830073103,put,1.78,29.85,24.9461144054
364,1575.0,2749.32989979,57.2866864802,put,0.02,0.025,114.544953031
365,3350.0,2761.89547187,121.293511435,call,0.78,3.8,11.7263545284
366,2700.0,2770.19359925,97.4661121421,put,1.28,168.1,16.4329407855
367,2775.0,2757.92120455,100.619263358,call,0.54,111.2,14.7920140569
368,3800.0,2778.51665839,136.763621284,call,1.78,5.25,12.1334179041
369,2550.0,2761.89547187,92.3278967642,put,0.78,86.05,18.4146763493
370,2720.0,2749.32989979,98.9331982387,put,0.02,12.95,16.1513986133
371,2630.0,2749.32989979,95.659673297,put,0.02,2.95,22.1011019103
372,2800.0,2778.51665839,100.77319463,call,1.78,223.45,15.9560584356
373,2175.0,2770.19359925,78.5143681145,put,1.28,53.9,22.1285278736
374,2350.0,2778.51665839,84.5775026362,put,1.78,107.55,19.9394764169
375,3125.0,2757.92120455,113.309981259,call,0.54,5.6,10.748342546
376,2765.0,2749.32989979,100.56996071,call,0.02,14.05,13.4753385808
377,2530.0,2749.32989979,92.0224233618,put,0.02,0.825,28.8491013884
378,2230.0,2749.32989979,81.110673556,put,0.02,0.1,51.2007806983
379,2945.0,2752.13564698,107.007806946,call,0.19,3.35,10.0945029279
380,3075.0,2761.89547187,111.336581392,call,0.78,21.55,11.4291333381
381,1775.0,2761.89547187,64.2674575515,put,0.78,7.85,27.919878897
382,2440.0,2749.32989979,88.7488984201,put,0.02,0.4,35.7449703801
383,2550.0,2795.23787182,91.2265831007,put,2.78,212.5,18.3109476051
384,2340.0,2749.32989979,85.1116484848,put,0.02,0.175,42.5952668547
385,2520.0,2749.32989979,91.6586983683,put,0.02,0.75,29.5914559332
386,1300.0,2770.19359925,46.9281280684,put,1.28,4.15,31.6429142231
387,2900.0,2749.32989979,105.480248122,call,0.02,0.075,14.3212034547
388,2125.0,2749.32989979,77.291561124,put,0.02,0.075,60.4274211246
389,1925.0,2770.19359925,69.4897281013,put,1.28,28.55,24.6421187056
390,850.0,2761.89547187,30.7759655881,put,0.78,0.325,45.949730465
391,3275.0,2778.51665839,117.868647291,call,1.78,43.95,12.6470822799
392,2750.0,2770.19359925,99.2710401448,put,1.28,185.5,15.8235655437
393,2345.0,2749.32989979,85.2935109816,put,0.02,0.2,42.6755127943
394,2850.0,2770.19359925,102.88089615,call,1.28,151.55,14.9959837368
395,2825.0,2761.89547187,102.284826807,call,0.78,112.5,14.4744982574
396,3050.0,2778.51665839,109.770801294,call,1.78,107.25,14.0689467242
397,1200.0,2778.51665839,43.1885119844,put,1.78,5.3,30.6115771235
398,2800.0,2757.92120455,101.525743208,call,0.54,96.6,14.3373710218
399,3075.0,2770.19359925,111.003072162,call,1.28,57.25,12.7497032254
400,2850.0,2778.51665839,102.572715963,call,1.78,196.85,15.5813766318
401,3600.0,2761.89547187,130.34526602,call,0.78,1.575,13.3499506652
402,2240.0,2749.32989979,81.4743985496,put,0.02,0.1,50.1953582168
403,1425.0,2778.51665839,51.2863579815,put,1.78,11.25,28.2642924138
404,2725.0,2795.23787182,97.4872309606,put,2.78,273.05,17.0247345259
405,2935.0,2749.32989979,106.7532856,call,0.02,0.05,16.4892185008
406,2820.0,2749.32989979,102.570448174,call,0.02,0.925,10.9776401232
407,3250.0,2770.19359925,117.320320171,call,1.28,21.4,11.6417529351
408,2445.0,2749.32989979,88.9307609168,put,0.02,0.375,34.9224576154
409,4200.0,2761.89547187,152.069477023,call,0.78,0.175,15.7774135469
410,1775.0,2757.92120455,64.3600693549,put,0.54,4.2,30.0912988407
411,1950.0,2770.19359925,70.3921921027,put,1.28,30.5,24.3850795801
412,1325.0,2749.32989979,48.193561642,put,0.02,0.025,148.230819045
413,1000.0,2795.23787182,35.7751306277,put,2.78,6.55,30.5106324309
414,3150.0,2770.19359925,113.710464166,call,1.28,38.1,12.1729788456
415,2930.0,2749.32989979,106.571423103,call,0.02,0.05,16.1012228922
416,2050.0,2757.92120455,74.3313477057,put,0.54,11.65,25.9662305156
417,2485.0,2749.32989979,90.3856608909,put,0.02,0.55,32.203538561
418,2680.0,2749.32989979,97.4782982646,put,0.02,6.45,18.7728084869
419,2275.0,2761.89547187,82.370966721,put,0.78,39.9,21.9037377532
420,2400.0,2749.32989979,87.293998446,put,0.02,0.275,38.3606551599
421,1500.0,2749.32989979,54.5587490287,put,0.02,0.025,124.07174234
422,3275.0,2749.32989979,119.119935379,call,0.02,0.025,38.0872434553
423,2170.0,2749.32989979,78.9283235949,put,0.02,0.075,55.8671913381
424,2900.0,2761.89547187,105.000353183,call,0.78,75.0,13.3611379109
425,3175.0,2757.92120455,115.122940959,call,0.54,3.9,10.9849051621
426,3400.0,2770.19359925,122.735104179,call,1.28,9.6,11.4590664247
427,1670.0,2749.32989979,60.7420739186,put,0.02,0.025,103.081722896
428,1600.0,2770.19359925,57.7576960842,put,1.28,11.25,28.089064919
429,2575.0,2778.51665839,92.6753486332,put,1.78,163.65,17.9011752689
430,1225.0,2778.51665839,44.0882726508,put,1.78,5.8,30.3407277499
431,3800.0,2757.92120455,137.78493721,call,0.54,0.275,15.5469025261
432,2295.0,2749.32989979,83.4748860139,put,0.02,0.15,46.4971819425
433,3025.0,2749.32989979,110.026810541,call,0.02,0.025,21.887629423
434,1980.0,2749.32989979,72.0175487179,put,0.02,0.05,73.2293748095
435,2600.0,2761.89547187,94.1382476811,put,0.78,98.05,17.7168420882
436,1425.0,2761.89547187,51.5950011329,put,0.78,2.15,32.753294
437,2855.0,2749.32989979,103.843485651,call,0.02,0.2,11.8618211704
438,1850.0,2749.32989979,67.2891238021,put,0.02,0.025,82.9478982369
439,3010.0,2752.13564698,109.369609136,call,0.19,1.45,10.7556272584
440,2010.0,2749.32989979,73.1087236985,put,0.02,0.05,70.0921290188
441,2535.0,2749.32989979,92.2042858585,put,0.02,0.875,28.5228704977
442,2970.0,2749.32989979,108.026323077,call,0.02,0.05,19.1641901672
443,2900.0,2778.51665839,104.372237296,call,1.78,171.85,15.2039138573
444,2390.0,2749.32989979,86.9302734524,put,0.02,0.275,39.4129163802
445,2610.0,2749.32989979,94.93222331,put,0.02,2.2,23.3953501733
446,1850.0,2761.89547187,66.9829839269,put,0.78,10.2,26.9831184602
447,1660.0,2749.32989979,60.3783489251,put,0.02,0.025,104.258838145
448,2250.0,2757.92120455,81.5831865062,put,0.54,23.55,23.0765929971
449,2725.0,2749.32989979,99.1150607355,put,0.02,14.15,15.8084979515
450,1550.0,2749.32989979,56.3773739963,put,0.02,0.025,117.671189755
451,2100.0,2770.19359925,75.8069761106,put,1.28,44.9,22.8878620344
452,2475.0,2757.92120455,89.7415051568,put,0.54,49.55,19.695963674
453,2850.0,2761.89547187,103.190002266,call,0.78,99.2,14.1010552192
454,2975.0,2770.19359925,107.393216157,call,1.28,92.45,13.6740541029
455,3225.0,2749.32989979,117.301310412,call,0.02,0.025,35.0033146753
456,2025.0,2778.51665839,72.8806139737,put,1.78,54.4,22.7611968026
457,600.0,2761.89547187,21.7242110033,put,0.78,0.1,53.6071478391
458,1675.0,2795.23787182,59.9233438014,put,2.78,43.3,24.5435234601
459,3025.0,2757.92120455,109.684061858,call,0.54,14.4,10.9463216353
460,1725.0,2757.92120455,62.5471096548,put,0.54,3.45,30.8562750806
461,2000.0,2770.19359925,72.1971201053,put,1.28,34.8,23.8857075319
462,2000.0,2761.89547187,72.4140366778,put,0.78,17.1,25.2354725604
463,2375.0,2778.51665839,85.4772633025,put,1.78,112.9,19.718451175
464,2975.0,2761.89547187,107.715879558,call,0.78,46.05,12.3765485509
465,2500.0,2761.89547187,90.5175458472,put,0.78,75.5,19.1108950728
466,2095.0,2749.32989979,76.2003861434,put,0.02,0.05,61.4140629072
467,3100.0,2761.89547187,112.241756851,call,0.78,17.55,11.2566961163
468,1905.0,2749.32989979,69.2896112665,put,0.02,0.025,77.1545289883
469,2655.0,2749.32989979,96.5689857808,put,0.02,4.3,20.4246463212
470,1800.0,2795.23787182,64.3952351299,put,2.78,56.9,23.6275650101
471,2300.0,2761.89547187,83.2761421794,put,0.78,43.05,21.6209240754
472,2480.0,2749.32989979,90.2037983942,put,0.02,0.525,32.5568019982
473,1600.0,2761.89547187,57.9312293422,put,0.78,4.15,30.2031010755
474,750.0,2761.89547187,27.1552637542,put,0.78,0.25,49.501958053
475,1710.0,2749.32989979,62.1969738927,put,0.02,0.025,98.4386951086
476,950.0,2778.51665839,34.190905321,put,1.78,2.1,33.8980877257
477,3100.0,2770.19359925,111.905536163,call,1.28,50.15,12.5401932526
478,2800.0,2795.23787182,100.170365758,call,2.78,298.5,16.4899341637
479,2375.0,2757.92120455,86.1155857566,put,0.54,35.8,21.2263033243
480,2800.0,2749.32989979,101.842998187,call,0.02,2.875,11.3994332585
481,3800.0,2770.19359925,137.1745282,call,1.28,2.125,12.5955111309
482,2145.0,2749.32989979,78.0190111111,put,0.02,0.05,56.4440855664
483,2350.0,2757.92120455,85.2091059065,put,0.54,33.0,21.6094800026
484,650.0,2761.89547187,23.5345619203,put,0.78,0.15,52.4984500413
485,2475.0,2761.89547187,89.6123703888,put,0.78,70.6,19.4434902982
486,2470.0,2749.32989979,89.8400734006,put,0.02,0.5,33.4507799491
487,2245.0,2749.32989979,81.6562610463,put,0.02,0.1,49.6938379098
488,1300.0,2778.51665839,46.7875546498,put,1.78,7.5,29.5298441602
489,2410.0,2749.32989979,87.6577234395,put,0.02,0.3,37.6869004938
490,1450.0,2757.92120455,52.575831304,put,0.54,1.275,35.9182141119
491,2950.0,2778.51665839,106.171758628,call,1.78,148.3,14.808738807
492,2055.0,2749.32989979,74.7454861693,put,0.02,0.05,65.4603667646
493,2175.0,2778.51665839,78.2791779718,put,1.78,75.6,21.4842917308
494,2540.0,2749.32989979,92.3861483553,put,0.02,0.925,28.1791004081
495,2805.0,2749.32989979,102.024860684,call,0.02,2.15,11.1954386719
496,2180.0,2749.32989979,79.2920485884,put,0.02,0.05,53.0196972659
497,2105.0,2749.32989979,76.564111137,put,0.02,0.05,60.4124438187
498,2840.0,2749.32989979,103.297898161,call,0.02,0.375,11.4251242479
499,1600.0,2757.92120455,58.0147104044,put,0.54,2.175,33.0166881917
500,2525.0,2757.92120455,91.554464857,put,0.54,58.2,18.9190810999
501,1780.0,2749.32989979,64.7430488474,put,0.02,0.025,90.5525038723
502,2775.0,2749.32989979,100.933685703,call,0.02,9.6,12.7389598832
503,1900.0,2757.92120455,68.8924686052,put,0.54,6.7,28.1591427849
504,2025.0,2749.32989979,73.6543111888,put,0.02,0.025,65.0144119978
505,3200.0,2749.32989979,116.391997928,call,0.02,0.025,33.4347321002
506,2200.0,2778.51665839,79.1789386381,put,1.78,79.7,21.2722970109
507,3400.0,2778.51665839,122.367450623,call,1.78,25.2,12.1597116855
508,2860.0,2749.32989979,104.025348148,call,0.02,0.175,12.1226046167
509,2890.0,2749.32989979,105.116523129,call,0.02,0.1,13.9234120403
510,700.0,2761.89547187,25.3449128372,put,0.78,0.2,51.0665169078
511,2550.0,2778.51665839,91.7755879669,put,1.78,156.5,18.1362155234
512,3500.0,2795.23787182,125.212957197,call,2.78,55.55,13.3349738548
513,2000.0,2795.23787182,71.5502612555,put,2.78,85.7,22.2843137659
514,2725.0,2757.92120455,98.8063036575,put,0.54,108.45,15.5084227195
515,1930.0,2749.32989979,70.1989237503,put,0.02,0.05,78.5510098
516,2275.0,2770.19359925,82.1242241198,put,1.28,68.2,21.1120189992
517,1975.0,2770.19359925,71.294656104,put,1.28,32.6,24.1369848723
518,2125.0,2795.23787182,76.0221525839,put,2.78,106.8,21.3256847948
519,2015.0,2749.32989979,73.2905861952,put,0.02,0.05,69.5731669121
520,4000.0,2778.51665839,143.961706615,call,1.78,3.05,12.652197878
521,3050.0,2749.32989979,110.936123025,call,0.02,0.025,23.6046741958
522,2925.0,2761.89547187,105.905528641,call,0.78,64.3,13.0094373219
523,2150.0,2749.32989979,78.2008736078,put,0.02,0.075,57.8847423565
524,2075.0,2761.89547187,75.1295630532,put,0.78,21.85,24.3625685684
525,2100.0,2761.89547187,76.0347385117,put,0.78,23.65,24.0662053007
526,2675.0,2757.92120455,96.9933439574,put,0.54,93.0,16.410148284
527,600.0,2778.51665839,21.5942559922,put,1.78,0.525,41.1027436317
528,1700.0,2749.32989979,61.8332488992,put,0.02,0.025,99.5898087936
529,2550.0,2770.19359925,92.0513281342,put,1.28,124.3,18.189655787
530,2915.0,2749.32989979,106.025835612,call,0.02,0.05,14.92774874
531,1885.0,2749.32989979,68.5621612794,put,0.02,0.025,79.2435294015
532,3125.0,2749.32989979,113.664060477,call,0.02,0.025,28.614462706
533,2650.0,2757.92120455,96.0868641073,put,0.54,86.05,16.8418281404
534,1825.0,2749.32989979,66.3798113183,put,0.02,0.025,85.63307717
535,1250.0,2761.89547187,45.2587729236,put,0.78,1.075,35.5851005255
536,1990.0,2749.32989979,72.3812737114,put,0.02,0.05,72.1791047681
537,2200.0,2749.32989979,80.0194985755,put,0.02,0.1,54.2366733845
538,1925.0,2795.23787182,68.8671264584,put,2.78,73.8,22.7743970225
539,2460.0,2749.32989979,89.4763484071,put,0.02,0.425,33.8384472825
540,1725.0,2770.19359925,62.2700160908,put,1.28,16.3,26.7084669222
541,2080.0,2752.13564698,75.5776701008,put,0.19,2.675,31.8280455527
542,3050.0,2761.89547187,110.431405934,call,0.78,26.2,11.6079211972
543,1600.0,2778.51665839,57.5846826459,put,1.78,18.75,26.556729551
544,3150.0,2757.92120455,114.216461109,call,0.54,4.6,10.8332685219
545,2895.0,2749.32989979,105.298385625,call,0.02,0.1,14.3496672279
546,1100.0,2749.32989979,40.0097492877,put,0.02,0.025,184.390540122
547,2425.0,2770.19359925,87.5390081277,put,1.28,95.35,19.547260634
548,3250.0,2761.89547187,117.672809601,call,0.78,6.2,11.2177206656
549,1750.0,2778.51665839,62.983246644,put,1.78,28.05,25.182413437
550,3600.0,2757.92120455,130.53309841,call,0.54,0.65,14.4537782044
551,3200.0,2795.23787182,114.480418009,call,2.78,128.35,14.5467392986
552,2500.0,2778.51665839,89.9760666342,put,1.78,142.9,18.5971408717
553,2990.0,2749.32989979,108.753773064,call,0.02,0.05,20.6628529233
554,3100.0,2778.51665839,111.570322626,call,1.78,89.5,13.7026489678
555,2425.0,2757.92120455,87.9285454567,put,0.54,42.15,20.4660194448
556,950.0,2761.89547187,34.3966674219,put,0.78,0.4,42.5803759919
557,1050.0,2761.89547187,38.0173692558,put,0.78,0.525,39.7901288763
558,2575.0,2795.23787182,92.1209613664,put,2.78,220.55,18.1345154009
559,2850.0,2749.32989979,103.661623155,call,0.02,0.25,11.739773923
560,2000.0,2778.51665839,71.9808533074,put,1.78,51.4,22.9775368391
561,2985.0,2749.32989979,108.571910567,call,0.02,0.05,20.2901098592
562,2700.0,2761.89547187,97.758949515,put,0.78,126.4,16.2262099117
563,1995.0,2749.32989979,72.5631362082,put,0.02,0.05,71.6556766687
564,1400.0,2778.51665839,50.3865973152,put,1.78,10.4,28.5115646564
565,2605.0,2749.32989979,94.7503608132,put,0.02,2.05,23.7216204447
566,2760.0,2749.32989979,100.388098213,call,0.02,16.55,13.8124904739
567,2265.0,2749.32989979,82.3837110334,put,0.02,0.1,47.6955084532
568,2400.0,2778.51665839,86.3770239688,put,1.78,118.4,19.4914067581
569,1770.0,2749.32989979,64.3793238539,put,0.02,0.025,91.6612673098
570,2210.0,2749.32989979,80.383223569,put,0.02,0.1,53.2213753855
571,2475.0,2749.32989979,90.0219358974,put,0.02,0.5,32.8978632455
572,1250.0,2749.32989979,45.4656241906,put,0.02,0.025,159.558435268
573,3100.0,2795.23787182,110.902904946,call,2.78,163.25,15.0246223266
574,2285.0,2749.32989979,83.1111610204,put,0.02,0.1,45.7091891289
575,3500.0,2770.19359925,126.344960184,call,1.28,6.05,11.6002649293
576,1575.0,2778.51665839,56.6849219796,put,1.78,17.5,26.7994750362
577,2635.0,2749.32989979,95.8415357938,put,0.02,3.15,21.723684732
578,2085.0,2749.32989979,75.8366611499,put,0.02,0.05,62.4196074781
579,1950.0,2795.23787182,69.7615047241,put,2.78,77.7,22.618609516
580,1675.0,2778.51665839,60.2839646449,put,1.78,23.0,25.8558665502
581,1870.0,2749.32989979,68.0165737891,put,0.02,0.025,80.8234256072
582,1500.0,2761.89547187,54.3105275083,put,0.78,2.875,31.6511311494
583,2675.0,2749.32989979,97.2964357679,put,0.02,5.95,19.1181572818
584,2320.0,2749.32989979,84.3841984978,put,0.02,0.15,43.9540623864
585,2500.0,2770.19359925,90.2464001316,put,1.28,111.85,18.730415674
586,1550.0,2761.89547187,56.1208784253,put,0.78,3.45,30.9066970085
587,1375.0,2778.51665839,49.4868366488,put,1.78,9.6,28.7603188901
588,2360.0,2749.32989979,85.8390984719,put,0.02,0.2,41.1287282042
589,3010.0,2749.32989979,109.481223051,call,0.02,0.05,22.1415295118
590,3050.0,2770.19359925,110.100608161,call,1.28,65.0,12.9660401179
591,2035.0,2749.32989979,74.0180361823,put,0.02,0.05,67.5082216023
592,2465.0,2749.32989979,89.6582109039,put,0.02,0.45,33.5397653935
593,1675.0,2752.13564698,60.8618256821,put,0.19,0.725,44.755599219
594,2570.0,2749.32989979,93.4773233359,put,0.02,1.325,26.1650071001
595,1625.0,2749.32989979,59.1053114478,put,0.02,0.025,108.432246754
596,2215.0,2749.32989979,80.5650860657,put,0.02,0.1,52.714988285
597,100.0,2761.89547187,3.62070183389,put,0.78,0.025,107.004373992
598,2940.0,2749.32989979,106.935148096,call,0.02,0.05,16.8756903922
599,3000.0,2749.32989979,109.117498057,call,0.02,0.025,20.1446828813
600,2450.0,2770.19359925,88.441472129,put,1.28,100.75,19.2915548732
601,3000.0,2761.89547187,108.621055017,call,0.78,38.45,12.0933318392
602,3125.0,2761.89547187,113.146932309,call,0.78,14.4,11.1448871163
603,2150.0,2795.23787182,76.9165308496,put,2.78,111.65,21.1518738799
604,3075.0,2778.51665839,110.67056196,call,1.78,98.1,13.8823298415
605,1375.0,2761.89547187,49.784650216,put,0.78,1.775,33.5405374508
606,1920.0,2749.32989979,69.8351987568,put,0.02,0.025,75.6006466074
607,1930.0,2752.13564698,70.1273573531,put,0.19,1.625,36.4644874067
608,3175.0,2770.19359925,114.612928167,call,1.28,33.05,12.0125314535
609,2300.0,2795.23787182,82.2828004438,put,2.78,144.0,20.0945442086
610,2710.0,2749.32989979,98.5694732452,put,0.02,10.85,16.8212937542
611,2525.0,2749.32989979,91.840560865,put,0.02,0.775,29.1563641384
612,1820.0,2749.32989979,66.1979488215,put,0.02,0.025,86.1741430543
613,2350.0,2761.89547187,85.0864930964,put,0.78,49.9,21.0352100568
614,1880.0,2749.32989979,68.3802987827,put,0.02,0.025,79.7688960834
615,1825.0,2770.19359925,65.8798720961,put,1.28,21.7,25.6625548232
616,2375.0,2761.89547187,85.9916685549,put,0.78,53.55,20.7217248017
617,2925.0,2770.19359925,105.588288154,call,1.28,114.25,14.1919699594
618,2050.0,2749.32989979,74.5636236726,put,0.02,0.025,62.5643409445
619,1720.0,2749.32989979,62.5606988863,put,0.02,0.025,97.2938706172
620,1000.0,2778.51665839,35.9904266537,put,1.78,2.6,33.2537219316
621,2375.0,2749.32989979,86.3846859621,put,0.02,0.225,40.0935027346
622,2225.0,2757.92120455,80.6767066561,put,0.54,21.6,23.4356036397
623,2800.0,2761.89547187,101.379651349,call,0.78,126.65,14.8607311645
624,2885.0,2749.32989979,104.934660632,call,0.02,0.1,13.495001264
625,1875.0,2770.19359925,67.6848000987,put,1.28,24.9,25.1430160233
626,2810.0,2752.13564698,102.102525473,call,0.19,35.8,12.4945418143
627,1955.0,2749.32989979,71.1082362341,put,0.02,0.05,75.8753222924
628,1825.0,2778.51665839,65.682528643,put,1.78,33.85,24.5007864973
629,2450.0,2749.32989979,89.1126234136,put,0.02,0.4,34.6617406924
630,1200.0,2757.92120455,43.5110328033,put,0.54,0.55,41.6688205625
631,3600.0,2778.51665839,129.565535953,call,1.78,10.6,11.8789007962
632,1400.0,2761.89547187,50.6898256744,put,0.78,1.975,33.188825003
633,2000.0,2757.92120455,72.5183880055,put,0.54,9.7,26.6852784209
634,500.0,2778.51665839,17.9952133268,put,1.78,0.325,43.9195522087
635,2125.0,2778.51665839,76.4796566391,put,1.78,67.95,21.9139261206
636,2425.0,2749.32989979,88.2033109298,put,0.02,0.325,36.4441977903
637,2500.0,2795.23787182,89.4378265693,put,2.78,197.9,18.7149482701
638,2950.0,2761.89547187,106.8107041,call,0.78,54.65,12.6808640221
639,1700.0,2795.23787182,60.8177220671,put,2.78,45.8,24.357741128
640,1575.0,2761.89547187,57.0260538838,put,0.78,3.75,30.5103173361
641,1965.0,2749.32989979,71.4719612276,put,0.02,0.05,74.8134293843
642,2925.0,2757.92120455,106.058142458,call,0.54,38.65,12.1450025117
643,2405.0,2749.32989979,87.4758609427,put,0.02,0.3,38.2162196596
644,2730.0,2749.32989979,99.2969232323,put,0.02,15.5,15.4854829203
645,1975.0,2795.23787182,70.6558829898,put,2.78,81.65,22.4534175997
646,2400.0,2770.19359925,86.6365441264,put,1.28,90.25,19.8075917457
647,1650.0,2761.89547187,59.7415802592,put,0.78,4.95,29.4887558133
648,2660.0,2749.32989979,96.7508482776,put,0.02,4.65,20.0887449641
649,1800.0,2770.19359925,64.9774080948,put,1.28,20.25,25.9288364707
650,2325.0,2778.51665839,83.6777419698,put,1.78,102.4,20.1594208031
651,1500.0,2795.23787182,53.6626959416,put,2.78,28.5,25.8762814074
652,1325.0,2761.89547187,47.974299299,put,0.78,1.45,34.3210668902
653,1225.0,2761.89547187,44.3535974651,put,0.78,0.975,36.0364101803
654,1860.0,2749.32989979,67.6528487956,put,0.02,0.025,81.883071015
655,2050.0,2795.23787182,73.3390177868,put,2.78,94.25,21.9484984036
656,1675.0,2749.32989979,60.9239364154,put,0.02,0.025,102.495656967
657,2690.0,2749.32989979,97.8420232582,put,0.02,7.7,18.1723214222
658,2875.0,2770.19359925,103.783360151,call,1.28,138.45,14.7184163119
659,2975.0,2778.51665839,107.071519295,call,1.78,137.3,14.6192065144
660,3500.0,2761.89547187,126.724564186,call,0.78,2.15,12.6816373535
661,2400.0,2757.92120455,87.0220656066,put,0.54,38.85,20.846597725
662,2675.0,2795.23787182,95.6984744292,put,2.78,254.65,17.4004292172
663,3600.0,2795.23787182,128.79047026,call,2.78,40.7,13.0292913034
664,2810.0,2749.32989979,102.20672318,call,0.02,1.6,11.0434619253
665,1100.0,2761.89547187,39.8277201728,put,0.78,0.625,38.6420998262
666,3700.0,2770.19359925,133.564672195,call,1.28,2.85,12.1960930361
667,2350.0,2749.32989979,85.4753734783,put,0.02,0.2,42.1593276888
668,2070.0,2749.32989979,75.2910736596,put,0.02,0.05,63.9354096884
669,2790.0,2749.32989979,101.479273193,call,0.02,4.85,11.8338073962
670,1000.0,2761.89547187,36.2070183389,put,0.78,0.45,41.0785323375
671,2125.0,2757.92120455,77.0507872559,put,0.54,15.25,24.8881208483
672,3025.0,2770.19359925,109.198144159,call,1.28,73.4,13.1881563242
673,1350.0,2778.51665839,48.5870759825,put,1.78,8.9,29.0402066081
674,1725.0,2749.32989979,62.742561383,put,0.02,0.025,96.7237912084
675,2650.0,2778.51665839,95.3746306323,put,1.78,186.85,17.1955217089
676,2275.0,2778.51665839,81.8782206371,put,1.78,92.75,20.6036068297
677,1800.0,2757.92120455,65.266549205,put,0.54,4.65,29.7346809681
678,2275.0,2757.92120455,82.4896663563,put,0.54,25.65,22.7136875072
679,2715.0,2749.32989979,98.751335742,put,0.02,11.85,16.4867050325
680,1900.0,2761.89547187,68.7933348439,put,0.78,12.2,26.414041448
681,2650.0,2770.19359925,95.6611841395,put,1.28,152.25,17.0351066312
682,2175.0,2757.92120455,78.863746956,put,0.54,18.2,24.1727176928
683,2200.0,2770.19359925,79.4168321158,put,1.28,57.2,21.8728999067
684,3400.0,2749.32989979,123.666497798,call,0.02,0.025,45.5115026461
685,2395.0,2749.32989979,87.1121359492,put,0.02,0.275,38.8865476611
686,3075.0,2749.32989979,111.845435509,call,0.02,0.025,25.29732721
687,2380.0,2749.32989979,86.5665484589,put,0.02,0.25,40.0373132508
688,1150.0,2761.89547187,41.6380710897,put,0.78,0.725,37.4466345327
689,2300.0,2749.32989979,83.6567485107,put,0.02,0.15,45.9871868055
690,4000.0,2757.92120455,145.036776011,call,0.54,0.075,15.8768782478
691,2775.0,2778.51665839,99.873433964,put,1.78,230.9,15.9394714223
692,1625.0,2757.92120455,58.9211902545,put,0.54,2.4,32.5995928337
693,1400.0,2749.32989979,50.9214990935,put,0.02,0.025,137.517015411
694,1650.0,2749.32989979,60.0146239316,put,0.02,0.025,105.44267202
695,2275.0,2749.32989979,82.7474360269,put,0.02,0.125,47.6927011501
696,2645.0,2749.32989979,96.2052607873,put,0.02,3.65,21.0381336014
697,2600.0,2749.32989979,94.5684983165,put,0.02,1.925,24.0813449809
