Maturity,Option Type,Contract Name,Last Trade Date,Strike,Last Price,Bid,Ask,Change,% Change,Volume,Open Interest,Implied Volatility
03/29/2019,CALL,GOOG190329C00850000,2019-03-22 11:28AM EDT,850,366.08,338.9,348.5,0,-,2,2,1.3022
03/29/2019,CALL,GOOG190329C00900000,2019-02-08 2:31PM EDT,900,199.71,288.5,298,0,-,19,19,0.9697
03/29/2019,CALL,GOOG190329C00920000,2019-02-08 2:31PM EDT,920,180.4,268.9,278.5,0,-,19,19,1.0298
03/29/2019,CALL,GOOG190329C01000000,2019-03-07 4:15PM EDT,1000,141.79,189.3,198.5,0,-,6,57,0.7654
03/29/2019,CALL,GOOG190329C01010000,2019-03-14 1:08PM EDT,1010,181.35,179,188.5,0,-,5,55,0.7075
03/29/2019,CALL,GOOG190329C01015000,2019-03-18 12:00AM EDT,1015,175.7,174.6,183.5,0,-,1,1,0.7283
03/29/2019,CALL,GOOG190329C01020000,2019-03-07 4:15PM EDT,1020,122.31,169.3,178.5,0,-,6,6,0.6914
03/29/2019,CALL,GOOG190329C01022500,2019-03-18 12:00AM EDT,1022.5,168.5,166.7,176,0,-,1,1,0.676
03/29/2019,CALL,GOOG190329C01030000,2019-03-18 12:00AM EDT,1030,161.3,159.3,168.5,0,-,1,1,0.6548
03/29/2019,CALL,GOOG190329C01035000,2019-03-15 9:42AM EDT,1035,155.9,154.3,163.5,0,-,1,4,0.6365
03/29/2019,CALL,GOOG190329C01037500,2019-03-18 12:00AM EDT,1037.5,155.4,151.7,161,0,-,5,5,0.6216
03/29/2019,CALL,GOOG190329C01040000,2019-03-22 3:53PM EDT,1040,166.93,149.2,158.5,0,-,1,7,0.6123
03/29/2019,CALL,GOOG190329C01047500,2019-03-18 12:00AM EDT,1047.5,143.8,142.1,151,0,-,1,1,0.6069
03/29/2019,CALL,GOOG190329C01050000,2019-03-25 12:43PM EDT,1050,141.18,139.4,148.5,-35.73,-0.202,1,27,0.5873
03/29/2019,CALL,GOOG190329C01057500,2019-03-18 12:00AM EDT,1057.5,134,131.8,141,0,-,2,2,0.5544
03/29/2019,CALL,GOOG190329C01060000,2019-02-28 3:04PM EDT,1060,71.1,129.2,138.5,0,-,3,3,0.54
03/29/2019,CALL,GOOG190329C01065000,2019-03-01 12:48PM EDT,1065,73.3,124.4,133.5,0,-,1,1,0.5322
03/29/2019,CALL,GOOG190329C01070000,2019-03-19 12:19PM EDT,1070,124.4,119.2,128.5,0,-,2,5,0.5039
03/29/2019,CALL,GOOG190329C01075000,2019-03-04 1:56PM EDT,1075,68,114.5,124,0,-,4,3,0.5219
03/29/2019,CALL,GOOG190329C01080000,2019-03-11 12:54PM EDT,1080,88.28,109.2,118.5,0,-,2,3,0.717
03/29/2019,CALL,GOOG190329C01082500,2019-03-04 1:25PM EDT,1082.5,61.1,106.7,116,0,-,3,2,0.705
03/29/2019,CALL,GOOG190329C01085000,2019-03-11 12:08AM EDT,1085,58.5,103.9,113.5,0,-,1,1,0.6929
03/29/2019,CALL,GOOG190329C01090000,2019-03-05 10:38AM EDT,1090,73.5,100.5,108.6,0,-,2,4,0.6724
03/29/2019,CALL,GOOG190329C01092500,2019-02-25 10:30AM EDT,1092.5,42.3,97.8,106.2,0,-,3,4,0.6638
03/29/2019,CALL,GOOG190329C01095000,2019-03-04 2:00PM EDT,1095,51.9,93.9,102.8,0,-,3,2,0.6187
03/29/2019,CALL,GOOG190329C01097500,2019-02-21 1:20PM EDT,1097.5,32.91,93,101.3,0,-,2,0,0.6428
03/29/2019,CALL,GOOG190329C01100000,2019-03-25 11:46AM EDT,1100,98.3,90.8,95.9,10.78,0.1232,1,25,0.5175
03/29/2019,CALL,GOOG190329C01102500,2019-03-05 12:52PM EDT,1102.5,60.7,87.4,96.3,0,-,1,3,0.6181
03/29/2019,CALL,GOOG190329C01105000,2019-03-07 12:52PM EDT,1105,50.5,85.5,93.8,0,-,1,3,0.6057
03/29/2019,CALL,GOOG190329C01107500,2019-03-15 2:06PM EDT,1107.5,83.7,83,91.4,0,-,1,31,0.5967
03/29/2019,CALL,GOOG190329C01110000,2019-03-22 9:45AM EDT,1110,117.97,80.4,89,0,-,1,26,0.5874
03/29/2019,CALL,GOOG190329C01112500,2019-03-22 12:55PM EDT,1112.5,100.29,78.1,86.4,0,-,1,4,0.5717
03/29/2019,CALL,GOOG190329C01115000,2019-03-15 11:30AM EDT,1115,78.44,75.2,84,0,-,11,92,0.5623
03/29/2019,CALL,GOOG190329C01117500,2019-03-01 11:33AM EDT,1117.5,32.36,73,81.5,0,-,6,7,0.5497
03/29/2019,CALL,GOOG190329C01120000,2019-03-25 10:17AM EDT,1120,79.95,70.5,79,-25.78,-0.2438,1,41,0.5371
03/29/2019,CALL,GOOG190329C01122500,2019-03-08 3:54PM EDT,1122.5,35.8,67.8,76.5,0,-,4,2,0.5243
03/29/2019,CALL,GOOG190329C01125000,2019-03-25 3:57PM EDT,1125,69.52,66.5,70.1,4.72,0.0728,20,10,0.3732
03/29/2019,CALL,GOOG190329C01127500,2019-03-19 10:28AM EDT,1127.5,63.6,63.1,71.8,0,-,1,10,0.5075
03/29/2019,CALL,GOOG190329C01130000,2019-03-21 1:02PM EDT,1130,92.01,60.7,69.4,0,-,1,45,0.4974
03/29/2019,CALL,GOOG190329C01132500,2019-03-20 11:56AM EDT,1132.5,82,58.8,63.8,0,-,1,2,0.3878
03/29/2019,CALL,GOOG190329C01135000,2019-03-07 4:41PM EDT,1135,28.3,55.8,64.3,0,-,1,11,0.4684
03/29/2019,CALL,GOOG190329C01137500,2019-03-22 12:42PM EDT,1137.5,71.9,54.7,59.5,0,-,2,3,0.3876
03/29/2019,CALL,GOOG190329C01140000,2019-03-25 3:14PM EDT,1140,57.43,51.9,55.7,-10.37,-0.1529,5,51,0.3317
03/29/2019,CALL,GOOG190329C01142500,2019-03-25 12:33PM EDT,1142.5,51.85,48.6,57.3,-18.03,-0.258,1,24,0.4417
03/29/2019,CALL,GOOG190329C01145000,2019-03-19 2:43PM EDT,1145,55.24,46.2,55,0,-,3,21,0.4332
03/29/2019,CALL,GOOG190329C01147500,2019-03-22 2:44PM EDT,1147.5,62,46.4,47.8,0,-,3,24,0.2832
03/29/2019,CALL,GOOG190329C01150000,2019-03-25 2:45PM EDT,1150,43,44.1,45.7,-16.91,-0.2823,12,57,0.2857
03/29/2019,CALL,GOOG190329C01152500,2019-03-11 3:45PM EDT,1152.5,33.29,41.9,43.4,0,-,3,4,0.2804
03/29/2019,CALL,GOOG190329C01155000,2019-03-22 9:36AM EDT,1155,69.2,39.5,41.1,0,-,6,26,0.2745
03/29/2019,CALL,GOOG190329C01160000,2019-03-25 11:41AM EDT,1160,42.15,35.2,36.4,-9.61,-0.1857,6,222,0.2585
03/29/2019,CALL,GOOG190329C01162500,2019-03-25 2:44PM EDT,1162.5,32.67,33.1,34.3,-17.13,-0.344,3,6,0.2565
03/29/2019,CALL,GOOG190329C01165000,2019-03-25 3:44PM EDT,1165,33.3,30.9,32.1,-11.7,-0.26,6,45,0.2509
03/29/2019,CALL,GOOG190329C01167500,2019-03-22 2:58PM EDT,1167.5,45.3,41.2,42.5,-12.2,-0.2122,3,5,0.5067
03/29/2019,CALL,GOOG190329C01170000,2019-03-25 3:18PM EDT,1170,29.7,26.8,28,-12.4,-0.2945,16,48,0.2446
03/29/2019,CALL,GOOG190329C01172500,2019-03-25 2:37PM EDT,1172.5,23.45,24.9,26.2,-16.35,-0.4108,6,7,0.2454
03/29/2019,CALL,GOOG190329C01175000,2019-03-25 3:58PM EDT,1175,25,23,24,-15.8,-0.3873,38,27,0.2365
03/29/2019,CALL,GOOG190329C01177500,2019-03-25 3:53PM EDT,1177.5,22.75,21.2,22.1,-12.55,-0.3555,22,11,0.233
03/29/2019,CALL,GOOG190329C01180000,2019-03-25 2:40PM EDT,1180,18.1,19.4,20.3,-15.5,-0.4613,43,165,0.2303
03/29/2019,CALL,GOOG190329C01182500,2019-03-25 3:51PM EDT,1182.5,18.4,17.8,18.9,-14.45,-0.4399,10,28,0.234
03/29/2019,CALL,GOOG190329C01185000,2019-03-25 3:56PM EDT,1185,17.1,16.1,17.2,-12.2,-0.4164,63,113,0.2306
03/29/2019,CALL,GOOG190329C01187500,2019-03-25 3:26PM EDT,1187.5,17.4,14.6,15.6,-12.3,-0.4141,24,20,0.2278
03/29/2019,CALL,GOOG190329C01190000,2019-03-25 3:51PM EDT,1190,13.7,13.2,14.1,-13.4,-0.4945,209,137,0.2254
03/29/2019,CALL,GOOG190329C01192500,2019-03-25 3:53PM EDT,1192.5,13.1,11.8,12.5,-9.5,-0.4204,116,49,0.2199
03/29/2019,CALL,GOOG190329C01195000,2019-03-25 3:59PM EDT,1195,11.7,10.5,11.3,-8.3,-0.415,135,54,0.2202
03/29/2019,CALL,GOOG190329C01197500,2019-03-25 3:33PM EDT,1197.5,11.1,9.4,10.1,-8.3,-0.4278,67,11,0.2189
03/29/2019,CALL,GOOG190329C01200000,2019-03-25 3:50PM EDT,1200,9,8.2,8.9,-8.6,-0.4886,1125,1335,0.2162
03/29/2019,CALL,GOOG190329C01205000,2019-03-25 3:50PM EDT,1205,6.81,6.2,6.8,-7.89,-0.5367,136,42,0.2116
03/29/2019,CALL,GOOG190329C01207500,2019-03-25 3:33PM EDT,1207.5,6.8,5.4,6,-6,-0.4688,124,62,0.2117
03/29/2019,CALL,GOOG190329C01210000,2019-03-25 3:57PM EDT,1210,5.4,4.6,5.1,-5.6,-0.5091,233,77,0.2083
03/29/2019,CALL,GOOG190329C01212500,2019-03-25 3:54PM EDT,1212.5,4.5,3.9,4.4,-6.08,-0.5747,41,37,0.2073
03/29/2019,CALL,GOOG190329C01215000,2019-03-25 3:43PM EDT,1215,4,3.3,3.7,-5.5,-0.5789,555,214,0.2047
03/29/2019,CALL,GOOG190329C01217500,2019-03-25 3:55PM EDT,1217.5,3,2.8,3.2,-5.58,-0.6503,37,36,0.2051
03/29/2019,CALL,GOOG190329C01220000,2019-03-25 3:59PM EDT,1220,2.5,2.3,2.65,-4.84,-0.6594,162,317,0.2026
03/29/2019,CALL,GOOG190329C01222500,2019-03-25 3:52PM EDT,1222.5,2.23,1.9,2.35,-6.26,-0.7373,37,26,0.2055
03/29/2019,CALL,GOOG190329C01225000,2019-03-25 3:57PM EDT,1225,1.99,1.55,1.9,-3.84,-0.6587,577,66,0.2025
03/29/2019,CALL,GOOG190329C01227500,2019-03-25 3:52PM EDT,1227.5,1.54,1.25,1.55,-3.56,-0.698,8,52,0.2007
03/29/2019,CALL,GOOG190329C01230000,2019-03-25 3:59PM EDT,1230,1.2,1.05,1.3,-3.3,-0.7333,321,91,0.2009
03/29/2019,CALL,GOOG190329C01235000,2019-03-25 3:57PM EDT,1235,0.87,0.65,0.9,-2.53,-0.7441,67,214,0.2013
03/29/2019,CALL,GOOG190329C01237500,2019-03-25 3:59PM EDT,1237.5,0.65,0.65,0.8,-2.15,-0.7679,9,20,0.2047
03/29/2019,CALL,GOOG190329C01240000,2019-03-25 3:12PM EDT,1240,0.7,0.4,0.65,-1.8,-0.72,79,267,0.2042
03/29/2019,CALL,GOOG190329C01245000,2019-03-25 3:57PM EDT,1245,0.36,0.25,0.5,-1.94,-0.8435,33,48,0.2098
03/29/2019,CALL,GOOG190329C01250000,2019-03-25 3:58PM EDT,1250,0.25,0.2,0.35,-1.05,-0.8077,89,459,0.2118
03/29/2019,CALL,GOOG190329C01255000,2019-03-25 3:04PM EDT,1255,0.2,0.05,0.3,-0.92,-0.8214,33,150,0.221
03/29/2019,CALL,GOOG190329C01260000,2019-03-25 10:43AM EDT,1260,0.25,0,0.25,-0.37,-0.5968,39,169,0.2288
03/29/2019,CALL,GOOG190329C01262500,2019-03-25 2:34PM EDT,1262.5,0.1,0,0.25,-1.05,-0.913,10,22,0.2358
03/29/2019,CALL,GOOG190329C01265000,2019-03-25 1:53PM EDT,1265,0.06,0,0.2,-0.59,-0.9077,10,47,0.2349
03/29/2019,CALL,GOOG190329C01267500,2019-03-25 9:53AM EDT,1267.5,0.2,0,0.2,-0.34,-0.6296,2,51,0.2417
03/29/2019,CALL,GOOG190329C01270000,2019-03-25 9:30AM EDT,1270,0.18,0,0.2,-0.15,-0.4545,24,42,0.2483
03/29/2019,CALL,GOOG190329C01272500,2019-03-22 11:01AM EDT,1272.5,0.79,0,0.2,0,-,5,22,0.2549
03/29/2019,CALL,GOOG190329C01275000,2019-03-25 9:30AM EDT,1275,0.17,0.05,0.15,0.02,0.1333,24,59,0.2515
03/29/2019,CALL,GOOG190329C01280000,2019-03-22 3:24PM EDT,1280,0.16,0.05,0.15,0,-,7,21,0.2642
03/29/2019,CALL,GOOG190329C01290000,2019-03-21 3:29PM EDT,1290,0.54,0,0.15,0,-,11,38,0.2891
03/29/2019,CALL,GOOG190329C01297500,2019-03-18 12:00AM EDT,1297.5,0.2,0,0.15,0,-,2,2,0.3076
03/29/2019,CALL,GOOG190329C01300000,2019-03-21 3:29PM EDT,1300,0.32,0,0.15,0,-,11,40,0.314
03/29/2019,PUT,GOOG190329P00850000,2019-02-14 4:43PM EDT,850,0.1,0,0.05,0,-,10,15,0.9219
03/29/2019,PUT,GOOG190329P00880000,2019-03-05 1:58PM EDT,880,0.3,0,0.15,0,-,20,25,0.918
03/29/2019,PUT,GOOG190329P00890000,2019-02-21 10:30AM EDT,890,0.83,0,0.15,0,-,1,1,0.8867
03/29/2019,PUT,GOOG190329P00900000,2019-03-19 1:03PM EDT,900,0.05,0,0.15,0,-,3,19,0.8555
03/29/2019,PUT,GOOG190329P00910000,2019-03-19 11:04AM EDT,910,0.05,0,0.15,0,-,2,12,0.8242
03/29/2019,PUT,GOOG190329P00920000,2019-03-18 12:02AM EDT,920,0.1,0,0.15,0,-,20,60,0.7949
03/29/2019,PUT,GOOG190329P00930000,2019-03-14 3:50PM EDT,930,0.15,0,0.15,0,-,1,7,0.7637
03/29/2019,PUT,GOOG190329P00940000,2019-02-28 1:16PM EDT,940,0.77,0,0.15,0,-,40,40,0.7344
03/29/2019,PUT,GOOG190329P00950000,2019-02-27 2:12PM EDT,950,1.05,0,0.15,0,-,1,9,0.7031
03/29/2019,PUT,GOOG190329P00960000,2019-02-11 10:30AM EDT,960,0.75,0,0.15,0,-,1,4,0.6738
03/29/2019,PUT,GOOG190329P00970000,2019-03-05 2:02PM EDT,970,0.7,0,0.15,0,-,40,34,0.6445
03/29/2019,PUT,GOOG190329P00980000,2019-03-20 3:54PM EDT,980,0.05,0,0.15,0,-,6,28,0.6152
03/29/2019,PUT,GOOG190329P00990000,2019-03-25 10:45AM EDT,990,0.05,0,0.15,-0.05,-0.5,1,34,0.5869
03/29/2019,PUT,GOOG190329P01000000,2019-03-14 9:55AM EDT,1000,0.35,0,0.15,0,-,6,33,0.5586
03/29/2019,PUT,GOOG190329P01005000,2019-03-22 11:50PM EDT,1005,0.15,0,0.2,0,-,10,13,0.5606
03/29/2019,PUT,GOOG190329P01010000,2019-03-07 3:34PM EDT,1010,1.44,0,0.15,0,-,1,7,0.5293
03/29/2019,PUT,GOOG190329P01015000,2019-02-26 4:14PM EDT,1015,2.9,0,0.2,0,-,1,1,0.5313
03/29/2019,PUT,GOOG190329P01020000,2019-03-22 3:35PM EDT,1020,0.14,0,0.2,0,-,6,110,0.5166
03/29/2019,PUT,GOOG190329P01025000,2019-03-21 9:34AM EDT,1025,0.1,0,0.1,0,-,10,74,0.502
03/29/2019,PUT,GOOG190329P01030000,2019-03-22 9:56AM EDT,1030,0.1,0,0.2,0,-,10,39,0.5283
03/29/2019,PUT,GOOG190329P01035000,2019-03-22 11:50PM EDT,1035,0.05,0.05,0.25,0,-,1,2,0.5273
03/29/2019,PUT,GOOG190329P01040000,2019-03-14 11:07AM EDT,1040,0.49,0,0.2,0,-,13,16,0.4971
03/29/2019,PUT,GOOG190329P01045000,2019-02-28 12:23PM EDT,1045,4.35,0,0.3,0,-,1,5,0.5083
03/29/2019,PUT,GOOG190329P01047500,2019-03-22 9:38AM EDT,1047.5,0.1,0,0.25,0,-,1,1,0.4883
03/29/2019,PUT,GOOG190329P01050000,2019-03-25 11:52AM EDT,1050,0.08,0,0.15,-0.17,-0.68,2,75,0.4502
03/29/2019,PUT,GOOG190329P01055000,2019-03-13 12:22PM EDT,1055,0.68,0,0.25,0,-,1,2,0.4644
03/29/2019,PUT,GOOG190329P01060000,2019-03-25 12:58PM EDT,1060,0.1,0,0.25,-0.6,-0.8571,1,49,0.4487
03/29/2019,PUT,GOOG190329P01062500,2019-03-18 12:02AM EDT,1062.5,0.75,0,0.25,0,-,1,1,0.4409
03/29/2019,PUT,GOOG190329P01065000,2019-03-21 3:24PM EDT,1065,0.15,0.05,0.25,0,-,8,160,0.4331
03/29/2019,PUT,GOOG190329P01070000,2019-03-22 3:24PM EDT,1070,0.35,0.05,0.3,0,-,2,70,0.4282
03/29/2019,PUT,GOOG190329P01075000,2019-03-22 11:23AM EDT,1075,0.21,0.05,0.3,0,-,5,18,0.4121
03/29/2019,PUT,GOOG190329P01080000,2019-03-19 2:47PM EDT,1080,0.35,0.05,0.3,0,-,2,100,0.3962
03/29/2019,PUT,GOOG190329P01082500,2019-03-15 9:47AM EDT,1082.5,0.7,0.05,0.3,0,-,6,8,0.3882
03/29/2019,PUT,GOOG190329P01085000,2019-03-25 10:31AM EDT,1085,0.25,0.05,0.25,-0.1,-0.2857,2,12,0.3706
03/29/2019,PUT,GOOG190329P01087500,2019-03-18 12:13PM EDT,1087.5,0.95,0.05,0.35,0,-,10,14,0.3809
03/29/2019,PUT,GOOG190329P01090000,2019-03-22 2:58PM EDT,1090,0.3,0.05,0.35,0,-,3,58,0.3728
03/29/2019,PUT,GOOG190329P01095000,2019-03-15 9:45AM EDT,1095,0.85,0.1,0.4,0,-,1,3,0.364
03/29/2019,PUT,GOOG190329P01097500,2019-03-22 9:53AM EDT,1097.5,0.25,0.1,0.45,0,-,1,26,0.3623
03/29/2019,PUT,GOOG190329P01100000,2019-03-25 12:36PM EDT,1100,0.3,0.1,0.4,-0.15,-0.3333,38,315,0.3474
03/29/2019,PUT,GOOG190329P01102500,2019-03-25 3:30PM EDT,1102.5,0.25,0.15,0.45,-6.41,-0.9625,18,44,0.3457
03/29/2019,PUT,GOOG190329P01105000,2019-03-25 11:51AM EDT,1105,0.3,0.15,0.45,-0.6,-0.6667,10,15,0.3374
03/29/2019,PUT,GOOG190329P01107500,2019-03-22 3:54PM EDT,1107.5,0.5,0.2,0.5,0,-,2,35,0.3347
03/29/2019,PUT,GOOG190329P01110000,2019-03-25 12:32PM EDT,1110,4.66,0.2,0.5,4.21,9.3556,11,62,0.3262
03/29/2019,PUT,GOOG190329P01112500,2019-03-11 11:28AM EDT,1112.5,0.5,0.25,0.55,0,-,1,13,0.323
03/29/2019,PUT,GOOG190329P01115000,2019-03-25 12:35PM EDT,1115,0.5,0.2,0.55,-0.6,-0.5455,1,45,0.3142
03/29/2019,PUT,GOOG190329P01117500,2019-03-15 2:03PM EDT,1117.5,1.73,0.3,0.6,0,-,10,20,0.3104
03/29/2019,PUT,GOOG190329P01120000,2019-03-25 2:35PM EDT,1120,0.5,0.3,0.65,0,-,5,199,0.3062
03/29/2019,PUT,GOOG190329P01122500,2019-03-25 2:17PM EDT,1122.5,0.7,0.3,0.7,-1.65,-0.7021,1,7,0.3015
03/29/2019,PUT,GOOG190329P01125000,2019-03-25 3:35PM EDT,1125,0.53,0.35,0.75,0.06,0.1277,7,72,0.2964
03/29/2019,PUT,GOOG190329P01127500,2019-03-20 1:12PM EDT,1127.5,0.99,0.5,0.75,0,-,2,6,0.2874
03/29/2019,PUT,GOOG190329P01130000,2019-03-25 3:48PM EDT,1130,0.61,0.6,0.8,-0.3,-0.3297,2,119,0.2817
03/29/2019,PUT,GOOG190329P01132500,2019-03-25 11:54AM EDT,1132.5,0.8,0.55,0.9,-0.2,-0.2,2,13,0.2793
03/29/2019,PUT,GOOG190329P01135000,2019-03-25 1:50PM EDT,1135,1.1,0.75,1,0.33,0.4286,17,18,0.2761
03/29/2019,PUT,GOOG190329P01137500,2019-03-25 1:31PM EDT,1137.5,1.1,0.8,1.1,0.32,0.4103,11,5,0.2722
03/29/2019,PUT,GOOG190329P01140000,2019-03-25 3:18PM EDT,1140,0.95,0.9,1.15,-0.15,-0.1364,31,88,0.2651
03/29/2019,PUT,GOOG190329P01142500,2019-03-25 2:57PM EDT,1142.5,1.25,1.05,1.25,-0.37,-0.2284,10,16,0.2604
03/29/2019,PUT,GOOG190329P01145000,2019-03-25 2:17PM EDT,1145,1.75,1.15,1.45,0.52,0.4228,7,55,0.2598
03/29/2019,PUT,GOOG190329P01147500,2019-03-25 2:58PM EDT,1147.5,1.5,1.3,1.6,0.4,0.3636,24,18,0.2559
03/29/2019,PUT,GOOG190329P01150000,2019-03-25 3:22PM EDT,1150,1.45,1.45,1.75,0.03,0.0211,257,117,0.2514
03/29/2019,PUT,GOOG190329P01152500,2019-03-25 2:20PM EDT,1152.5,2.6,1.65,2,1.46,1.2807,13,15,0.2499
03/29/2019,PUT,GOOG190329P01155000,2019-03-25 3:48PM EDT,1155,1.76,1.85,2.2,-0.12,-0.0638,28,21,0.2457
03/29/2019,PUT,GOOG190329P01157500,2019-03-25 2:48PM EDT,1157.5,2.25,2.1,2.45,-0.2,-0.0816,14,12,0.2424
03/29/2019,PUT,GOOG190329P01160000,2019-03-25 3:37PM EDT,1160,2.14,2.4,2.7,0.04,0.019,62,86,0.2382
03/29/2019,PUT,GOOG190329P01162500,2019-03-25 3:52PM EDT,1162.5,2.87,2.7,3.1,0.27,0.1038,58,16,0.2375
03/29/2019,PUT,GOOG190329P01165000,2019-03-25 3:42PM EDT,1165,3.09,3.1,3.4,0.49,0.1885,92,83,0.2329
03/29/2019,PUT,GOOG190329P01170000,2019-03-25 2:18PM EDT,1170,5.69,3.9,4.3,2.69,0.8967,437,1032,0.2284
03/29/2019,PUT,GOOG190329P01172500,2019-03-25 2:22PM EDT,1172.5,6.2,4.5,4.9,3.05,0.9683,13,45,0.2279
03/29/2019,PUT,GOOG190329P01175000,2019-03-25 3:56PM EDT,1175,5.12,5,5.5,1.32,0.3474,262,270,0.226
03/29/2019,PUT,GOOG190329P01177500,2019-03-22 1:00PM EDT,1177.5,3.9,4.2,4.7,-6.2,-0.6139,3,5,0.1936
03/29/2019,PUT,GOOG190329P01180000,2019-03-25 3:56PM EDT,1180,6.4,6.4,6.9,1.6,0.3333,247,277,0.2225
03/29/2019,PUT,GOOG190329P01182500,2019-03-25 2:35PM EDT,1182.5,9.1,7.1,7.7,3.9,0.75,32,15,0.2207
03/29/2019,PUT,GOOG190329P01185000,2019-03-25 3:55PM EDT,1185,8.7,8,8.6,2.6,0.4262,70,178,0.2195
03/29/2019,PUT,GOOG190329P01187500,2019-03-25 3:26PM EDT,1187.5,8.2,9,9.6,1.9,0.3016,101,44,0.2187
03/29/2019,PUT,GOOG190329P01190000,2019-03-25 3:27PM EDT,1190,9,10,10.7,1.8,0.25,131,208,0.2182
03/29/2019,PUT,GOOG190329P01192500,2019-03-25 3:36PM EDT,1192.5,10.4,11,11.8,2.7,0.3506,128,78,0.2163
03/29/2019,PUT,GOOG190329P01195000,2019-03-25 3:51PM EDT,1195,12.7,12.2,13,4.3,0.5119,115,210,0.2148
03/29/2019,PUT,GOOG190329P01197500,2019-03-25 3:59PM EDT,1197.5,13.1,13.4,14.3,3.75,0.4011,104,69,0.2135
03/29/2019,PUT,GOOG190329P01200000,2019-03-25 3:55PM EDT,1200,15.7,14.8,15.7,5.3,0.5096,216,166,0.2125
03/29/2019,PUT,GOOG190329P01202500,2019-03-25 3:42PM EDT,1202.5,16.06,16.2,17.2,4.66,0.4088,36,19,0.2119
03/29/2019,PUT,GOOG190329P01207500,2019-03-25 2:14PM EDT,1207.5,21.9,19.4,20.6,8.32,0.6127,16,20,0.2138
03/29/2019,PUT,GOOG190329P01210000,2019-03-25 3:24PM EDT,1210,19.45,21.1,22.1,4.75,0.3231,35,97,0.2083
03/29/2019,PUT,GOOG190329P01212500,2019-03-25 3:06PM EDT,1212.5,23.5,22.9,24.1,8.9,0.6096,3,42,0.2118
03/29/2019,PUT,GOOG190329P01215000,2019-03-25 12:44PM EDT,1215,26.92,24.7,25.8,9.44,0.54,8,214,0.2071
03/29/2019,PUT,GOOG190329P01217500,2019-03-25 3:02PM EDT,1217.5,27.46,26.6,27.7,8.63,0.4583,6,21,0.2051
03/29/2019,PUT,GOOG190329P01220000,2019-03-25 3:49PM EDT,1220,28.5,28.6,29.8,8.39,0.4172,14,84,0.2068
03/29/2019,PUT,GOOG190329P01222500,2019-03-25 9:47AM EDT,1222.5,26.63,30.6,32.2,2.63,0.1096,1,20,0.2157
03/29/2019,PUT,GOOG190329P01225000,2019-03-25 3:18PM EDT,1225,31.4,32.8,34,7.4,0.3083,7,47,0.2058
03/29/2019,PUT,GOOG190329P01227500,2019-03-25 2:04PM EDT,1227.5,38.9,35,36.4,15.6,0.6695,3,14,0.2131
03/29/2019,PUT,GOOG190329P01230000,2019-03-25 11:46AM EDT,1230,33.75,37.3,38.8,6.25,0.2273,3,44,0.22
03/29/2019,PUT,GOOG190329P01242500,2019-03-25 9:38AM EDT,1242.5,40.2,48.9,50.8,4.7,0.1324,1,4,0.2484
03/29/2019,PUT,GOOG190329P01247500,2019-03-22 12:13PM EDT,1247.5,41.8,53.8,55.7,0,-,4,2,0.2616
03/29/2019,PUT,GOOG190329P01250000,2019-03-25 9:51AM EDT,1250,48.3,56.3,58.1,4,0.0903,1,40,0.2652
03/29/2019,PUT,GOOG190329P01277500,2019-03-18 12:02AM EDT,1277.5,87.5,83.7,85.6,0,-,1,0,0.3574
03/29/2019,PUT,GOOG190329P01282500,2019-03-18 12:02AM EDT,1282.5,92.2,84.7,92.8,0,-,1,0,0.4822
03/29/2019,PUT,GOOG190329P01315000,2019-03-18 12:02AM EDT,1315,124.6,117.2,126.8,0,-,2,0,0.6606
04/05/2019,CALL,GOOG190405C00910000,2019-03-25 9:34AM EDT,910,289.4,280.2,289,14.2,0.0516,1,0,0.7827
04/05/2019,CALL,GOOG190405C00960000,2019-02-25 2:43PM EDT,960,156.63,229.8,239,0,-,16,16,0.6343
04/05/2019,CALL,GOOG190405C00980000,2019-02-25 2:43PM EDT,980,137.3,209.8,219,0,-,19,17,0.583
04/05/2019,CALL,GOOG190405C01000000,2019-03-13 2:56PM EDT,1000,200.2,189.9,199,0,-,1,22,0.5354
04/05/2019,CALL,GOOG190405C01020000,2019-03-01 11:22AM EDT,1020,115.65,169.9,179.5,0,-,16,16,0.6777
04/05/2019,CALL,GOOG190405C01030000,2019-03-22 11:48PM EDT,1030,157.45,172.9,182.2,0,-,1,0,0.8307
04/05/2019,CALL,GOOG190405C01040000,2019-03-06 12:54PM EDT,1040,124.7,149.7,159.4,0,-,2,2,0.6114
04/05/2019,CALL,GOOG190405C01045000,2019-03-06 10:58AM EDT,1045,121.8,144.9,154.5,0,-,5,5,0.5981
04/05/2019,CALL,GOOG190405C01050000,2019-03-21 12:08PM EDT,1050,177.59,139.7,149.5,0,-,1,3,0.5823
04/05/2019,CALL,GOOG190405C01055000,2019-03-06 10:58AM EDT,1055,112.3,134.9,144.3,0,-,5,5,0.5613
04/05/2019,CALL,GOOG190405C01060000,2019-03-18 12:00AM EDT,1060,134,130.1,139.5,0,-,2,2,0.5505
04/05/2019,CALL,GOOG190405C01070000,2019-03-07 12:52PM EDT,1070,85.3,120.2,129.5,0,-,1,1,0.5186
04/05/2019,CALL,GOOG190405C01075000,2019-03-13 11:42AM EDT,1075,127.51,115.1,124.5,0,-,1,1,0.5026
04/05/2019,CALL,GOOG190405C01080000,2019-03-20 2:04PM EDT,1080,136.4,110.6,120,0,-,1,4,0.4979
04/05/2019,CALL,GOOG190405C01082500,2019-03-15 2:28PM EDT,1082.5,107.38,108.2,117.5,0,-,1,2,0.4898
04/05/2019,CALL,GOOG190405C01087500,2019-03-18 12:00AM EDT,1087.5,99.5,102.9,111.6,0,-,5,5,0.4534
04/05/2019,CALL,GOOG190405C01090000,2019-03-08 11:36AM EDT,1090,62.2,100.4,109.3,0,-,1,1,0.45
04/05/2019,CALL,GOOG190405C01095000,2019-03-13 11:42AM EDT,1095,108.05,96.1,105,0,-,1,1,0.4489
04/05/2019,CALL,GOOG190405C01097500,2019-03-07 3:56PM EDT,1097.5,54.5,94.3,102.8,0,-,6,6,0.447
04/05/2019,CALL,GOOG190405C01100000,2019-03-25 1:46PM EDT,1100,93.7,92.4,99.9,5.2,0.0588,3,10,0.4304
04/05/2019,CALL,GOOG190405C01102500,2019-03-25 12:36PM EDT,1102.5,92.2,90.3,97.6,-32.96,-0.2633,2,1,0.4263
04/05/2019,CALL,GOOG190405C01105000,2019-03-22 11:48PM EDT,1105,77.7,99.1,108,0,-,1,1,0.5662
04/05/2019,CALL,GOOG190405C01107500,2019-03-01 11:34AM EDT,1107.5,42.5,84.9,93.2,0,-,2,0,0.4215
04/05/2019,CALL,GOOG190405C01110000,2019-03-25 11:49AM EDT,1110,89.2,82.6,87.8,39.01,0.7772,2,5,0.3531
04/05/2019,CALL,GOOG190405C01112500,2019-03-06 4:53PM EDT,1112.5,57.7,79.9,87.2,0,-,1,2,0.3852
04/05/2019,CALL,GOOG190405C01115000,2019-03-05 11:40AM EDT,1115,56,77.6,84.9,0,-,2,3,0.3808
04/05/2019,CALL,GOOG190405C01117500,2019-03-06 11:38AM EDT,1117.5,53.9,75.2,82.5,0,-,1,0,0.3743
04/05/2019,CALL,GOOG190405C01120000,2019-03-25 12:36PM EDT,1120,76.1,75,78.9,-15.5,-0.1692,4,21,0.3446
04/05/2019,CALL,GOOG190405C01122500,2019-03-22 11:51AM EDT,1122.5,89.2,70.6,77.8,0,-,1,6,0.363
04/05/2019,CALL,GOOG190405C01125000,2019-03-11 11:12AM EDT,1125,73,70.7,72.4,22.72,0.4519,3,1,0.2976
04/05/2019,CALL,GOOG190405C01127500,2019-03-13 9:30AM EDT,1127.5,76.5,68.4,70,-0.5,-0.0065,2,10,0.2919
04/05/2019,CALL,GOOG190405C01130000,2019-03-15 2:47PM EDT,1130,63.7,66.1,67.7,0,-,1,22,0.2882
04/05/2019,CALL,GOOG190405C01132500,2019-03-06 2:04PM EDT,1132.5,25,63.9,65.4,0,-,2,3,0.2842
04/05/2019,CALL,GOOG190405C01135000,2019-03-25 3:29PM EDT,1135,65.8,61.6,63.1,-7.94,-0.1077,1,6,0.28
04/05/2019,CALL,GOOG190405C01137500,2019-03-25 3:13PM EDT,1137.5,60.6,59.3,60.9,1.78,0.0303,2,4,0.2775
04/05/2019,CALL,GOOG190405C01140000,2019-03-22 12:13PM EDT,1140,59.3,57.1,58.6,-13.2,-0.1821,1,7,0.2728
04/05/2019,CALL,GOOG190405C01142500,2019-03-12 9:37AM EDT,1142.5,57.63,55,56.4,0,-,1,1,0.2697
04/05/2019,CALL,GOOG190405C01145000,2019-03-20 2:58PM EDT,1145,84.87,52.8,54.3,0,-,2,3,0.268
04/05/2019,CALL,GOOG190405C01147500,2019-03-22 1:49PM EDT,1147.5,64.85,50.7,52.1,0,-,1,20,0.2642
04/05/2019,CALL,GOOG190405C01150000,2019-03-22 10:26AM EDT,1150,77.15,48.6,50,0,-,1,8,0.2617
04/05/2019,CALL,GOOG190405C01152500,2019-03-25 12:25PM EDT,1152.5,50.8,46.5,47.9,-10.68,-0.1737,1,10,0.2589
04/05/2019,CALL,GOOG190405C01155000,2019-03-22 12:58PM EDT,1155,46.4,44.5,45.8,-16.35,-0.2606,2,17,0.2557
04/05/2019,CALL,GOOG190405C01157500,2019-03-18 11:52AM EDT,1157.5,35.6,42.4,43.8,0,-,2,2,0.2536
04/05/2019,CALL,GOOG190405C01160000,2019-03-25 12:33PM EDT,1160,41.47,40.4,41.8,-14.13,-0.2541,1,16,0.2511
04/05/2019,CALL,GOOG190405C01162500,2019-03-15 2:15PM EDT,1162.5,36.1,38.5,39.8,0,-,1,2,0.2482
04/05/2019,CALL,GOOG190405C01165000,2019-03-25 2:27PM EDT,1165,33.5,36.6,37.9,-1.2,-0.0346,3,10,0.2462
04/05/2019,CALL,GOOG190405C01170000,2019-03-22 1:26PM EDT,1170,47.39,32.9,34.1,0,-,6,40,0.2409
04/05/2019,CALL,GOOG190405C01175000,2019-03-25 2:48PM EDT,1175,28.83,29.3,30.5,-16.8,-0.3682,1,13,0.2363
04/05/2019,CALL,GOOG190405C01177500,2019-03-25 3:30PM EDT,1177.5,30.9,27.6,28.8,22,2.4719,5,1,0.2345
04/05/2019,CALL,GOOG190405C01180000,2019-03-25 2:47PM EDT,1180,25.7,25.9,27.1,-13.7,-0.3477,5,26,0.2322
04/05/2019,CALL,GOOG190405C01182500,2019-03-25 3:56PM EDT,1182.5,24.8,24.3,25.4,-13.1,-0.3456,14,10,0.2293
04/05/2019,CALL,GOOG190405C01185000,2019-03-25 3:45PM EDT,1185,24.3,22.8,23.9,-10.77,-0.3071,18,47,0.2284
04/05/2019,CALL,GOOG190405C01187500,2019-03-25 3:24PM EDT,1187.5,23.79,21.3,22.4,-15.06,-0.3876,20,12,0.2268
04/05/2019,CALL,GOOG190405C01190000,2019-03-25 1:49PM EDT,1190,18.8,20,21,-13.4,-0.4161,6,66,0.2258
04/05/2019,CALL,GOOG190405C01192500,2019-03-25 2:34PM EDT,1192.5,17.8,18.6,19.6,-13.1,-0.4239,10,14,0.2243
04/05/2019,CALL,GOOG190405C01195000,2019-03-25 3:34PM EDT,1195,18.8,17.3,18,-10.4,-0.3562,7,38,0.2198
04/05/2019,CALL,GOOG190405C01200000,2019-03-25 3:12PM EDT,1200,16.2,14.8,15.5,-9.1,-0.3597,41,47,0.2171
04/05/2019,CALL,GOOG190405C01205000,2019-03-25 2:28PM EDT,1205,11.6,12.5,13.4,-11.2,-0.4912,26,12,0.2167
04/05/2019,CALL,GOOG190405C01210000,2019-03-25 2:53PM EDT,1210,11.2,10.5,11.3,-7.14,-0.3893,27,105,0.2137
04/05/2019,CALL,GOOG190405C01212500,2019-03-25 2:32PM EDT,1212.5,9.2,9.6,10.4,-19.8,-0.6828,11,4,0.2131
04/05/2019,CALL,GOOG190405C01215000,2019-03-25 3:24PM EDT,1215,10.14,8.7,9.5,-8.16,-0.4459,28,13,0.2119
04/05/2019,CALL,GOOG190405C01217500,2019-03-25 3:18PM EDT,1217.5,9.4,7.9,8.6,-5.3,-0.3605,10,9,0.2099
04/05/2019,CALL,GOOG190405C01220000,2019-03-25 3:27PM EDT,1220,8.45,7.1,7.7,-4.95,-0.3694,38,117,0.2072
04/05/2019,CALL,GOOG190405C01225000,2019-03-25 12:38PM EDT,1225,6,5.8,6.2,-6.5,-0.52,15,29,0.2037
04/05/2019,CALL,GOOG190405C01230000,2019-03-25 3:59PM EDT,1230,4.9,4.6,5,-4.8,-0.4948,87,45,0.2016
04/05/2019,CALL,GOOG190405C01232500,2019-03-25 3:18PM EDT,1232.5,4.9,4.1,4.6,-5,-0.5051,27,22,0.2029
04/05/2019,CALL,GOOG190405C01235000,2019-03-25 1:10PM EDT,1235,4.17,3.6,4.1,-4.73,-0.5315,5,32,0.2018
04/05/2019,CALL,GOOG190405C01240000,2019-03-25 3:37PM EDT,1240,3.54,2.85,3.4,-3.46,-0.4943,18,22,0.2032
04/05/2019,CALL,GOOG190405C01245000,2019-03-25 1:41PM EDT,1245,2.6,2.2,2.65,-2.8,-0.5185,6,19,0.2011
04/05/2019,CALL,GOOG190405C01250000,2019-03-25 2:48PM EDT,1250,1.8,1.7,2,-3,-0.625,21,18,0.1981
04/05/2019,CALL,GOOG190405C01260000,2019-03-25 3:11PM EDT,1260,1.25,1,1.25,-1.85,-0.5968,5,113,0.1989
04/05/2019,CALL,GOOG190405C01270000,2019-03-25 10:13AM EDT,1270,1.1,0.55,0.8,-1.4,-0.56,31,138,0.2015
04/05/2019,CALL,GOOG190405C01280000,2019-03-25 10:09AM EDT,1280,0.7,0.3,0.55,-0.6,-0.4615,2,120,0.2073
04/05/2019,CALL,GOOG190405C01300000,2019-03-22 3:09PM EDT,1300,0.5,0.1,0.3,0,-,12,30,0.2224
04/05/2019,CALL,GOOG190405C01310000,2019-03-22 12:07PM EDT,1310,0.5,0.05,0.25,0,-,3,26,0.2334
04/05/2019,CALL,GOOG190405C01320000,2019-03-22 11:15AM EDT,1320,0.35,0,0.25,0,-,1,9,0.2495
04/05/2019,PUT,GOOG190405P00910000,2019-03-05 4:18PM EDT,910,0.53,0,0.15,0,-,2,2,0.5322
04/05/2019,PUT,GOOG190405P00920000,2019-03-18 12:03AM EDT,920,0.45,0,0.15,0,-,10,10,0.5127
04/05/2019,PUT,GOOG190405P00930000,2019-02-27 11:00AM EDT,930,1.2,0,0.15,0,-,2,2,0.5293
04/05/2019,PUT,GOOG190405P00950000,2019-03-22 11:51PM EDT,950,0.06,0.05,0.1,0,-,10,20,0.4678
04/05/2019,PUT,GOOG190405P00990000,2019-03-21 2:35PM EDT,990,0.19,0,0.25,0,-,2,11,0.4331
04/05/2019,PUT,GOOG190405P00995000,2019-02-27 11:02AM EDT,995,3.2,0,0.25,0,-,1,1,0.4229
04/05/2019,PUT,GOOG190405P01000000,2019-03-18 9:45AM EDT,1000,0.5,0,0.25,0,-,2,13,0.4124
04/05/2019,PUT,GOOG190405P01005000,2019-02-26 1:33PM EDT,1005,3.95,0.05,0.4,0,-,10,10,0.4275
04/05/2019,PUT,GOOG190405P01010000,2019-02-26 1:33PM EDT,1010,2.15,0.05,0.3,0,-,2,10,0.4009
04/05/2019,PUT,GOOG190405P01015000,2019-03-11 11:07AM EDT,1015,1.27,0.1,0.3,0,-,7,23,0.3904
04/05/2019,PUT,GOOG190405P01020000,2019-03-21 2:35PM EDT,1020,0.29,0.1,0.35,0,-,2,19,0.3879
04/05/2019,PUT,GOOG190405P01025000,2019-03-12 11:09AM EDT,1025,0.8,0.15,0.35,0,-,3,9,0.3772
04/05/2019,PUT,GOOG190405P01030000,2019-03-19 9:37AM EDT,1030,0.5,0.15,0.4,0,-,2,4,0.3735
04/05/2019,PUT,GOOG190405P01035000,2019-02-21 10:47AM EDT,1035,2.6,0.2,0.45,0,-,1,1,0.3689
04/05/2019,PUT,GOOG190405P01040000,2019-03-25 1:46PM EDT,1040,0.4,0.25,0.45,-3.8,-0.9048,1,7,0.3582
04/05/2019,PUT,GOOG190405P01045000,2019-03-25 11:55AM EDT,1045,0.45,0.3,0.55,-0.35,-0.4375,2,6,0.3579
04/05/2019,PUT,GOOG190405P01050000,2019-03-18 9:43AM EDT,1050,0.91,0.35,0.55,0,-,1,3,0.3467
04/05/2019,PUT,GOOG190405P01055000,2019-03-15 9:41AM EDT,1055,0.96,0.4,0.65,0,-,5,6,0.3447
04/05/2019,PUT,GOOG190405P01060000,2019-03-18 9:43AM EDT,1060,1.06,0.4,0.7,0,-,1,9,0.3374
04/05/2019,PUT,GOOG190405P01065000,2019-03-08 2:37PM EDT,1065,7.21,0.5,0.75,0,-,10,10,0.3298
04/05/2019,PUT,GOOG190405P01070000,2019-03-13 9:54AM EDT,1070,1.4,0.5,0.85,0,-,1,17,0.3254
04/05/2019,PUT,GOOG190405P01075000,2019-03-15 12:31PM EDT,1075,0.65,0.65,0.9,0,-,2,5,0.3169
04/05/2019,PUT,GOOG190405P01080000,2019-03-25 2:04PM EDT,1080,1,0.75,0.95,-0.35,-0.2593,54,30,0.3082
04/05/2019,PUT,GOOG190405P01082500,2019-03-22 11:50PM EDT,1082.5,1.05,0.8,1,0,-,1,1,0.3052
04/05/2019,PUT,GOOG190405P01085000,2019-03-18 9:40AM EDT,1085,1.58,0.85,1.1,0,-,2,4,0.3047
04/05/2019,PUT,GOOG190405P01090000,2019-03-25 1:48PM EDT,1090,1.25,0.85,1.25,-0.5,-0.2857,1,8,0.3001
04/05/2019,PUT,GOOG190405P01095000,2019-03-19 12:23PM EDT,1095,1.2,1.1,1.4,0,-,2,6,0.2944
04/05/2019,PUT,GOOG190405P01097500,2019-03-19 2:48PM EDT,1097.5,1.28,1.2,1.45,0,-,4,1,0.2904
04/05/2019,PUT,GOOG190405P01100000,2019-03-25 2:04PM EDT,1100,1.6,1.25,1.55,0.18,0.1268,4,54,0.2881
04/05/2019,PUT,GOOG190405P01105000,2019-03-19 3:20PM EDT,1105,1.6,1.45,1.75,0,-,11,12,0.2829
04/05/2019,PUT,GOOG190405P01107500,2019-03-25 3:05PM EDT,1107.5,1.6,1.4,1.85,-11.55,-0.8783,1,20,0.2799
04/05/2019,PUT,GOOG190405P01110000,2019-03-22 1:36PM EDT,1110,1.75,1.65,1.9,0,-,2,32,0.275
04/05/2019,PUT,GOOG190405P01115000,2019-03-20 2:22PM EDT,1115,1.2,1.9,2.2,0,-,1,5,0.2713
04/05/2019,PUT,GOOG190405P01117500,2019-03-15 2:02PM EDT,1117.5,2.92,2,2.35,0,-,10,11,0.269
04/05/2019,PUT,GOOG190405P01120000,2019-03-25 2:23PM EDT,1120,2.95,2.15,2.4,0.75,0.3409,1,42,0.2635
04/05/2019,PUT,GOOG190405P01122500,2019-03-25 1:28PM EDT,1122.5,2.68,2.3,2.65,0.08,0.0308,1,18,0.2634
04/05/2019,PUT,GOOG190405P01125000,2019-03-25 1:58PM EDT,1125,3,2.5,2.85,0.13,0.0453,4,23,0.2615
04/05/2019,PUT,GOOG190405P01127500,2019-03-25 12:56PM EDT,1127.5,2.98,2.7,3.1,0.78,0.3545,1,5,0.2605
04/05/2019,PUT,GOOG190405P01130000,2019-03-25 12:31PM EDT,1130,3.06,2.85,3.2,0.41,0.1547,1,30,0.2555
04/05/2019,PUT,GOOG190405P01132500,2019-03-22 11:50PM EDT,1132.5,1.5,2.6,2.9,0,-,2,5,0.241
04/05/2019,PUT,GOOG190405P01135000,2019-03-22 12:18PM EDT,1135,3.01,3.3,3.7,0,-,18,12,0.2517
04/05/2019,PUT,GOOG190405P01137500,2019-03-25 12:56PM EDT,1137.5,3.84,3.6,4,0.62,0.1925,1,11,0.2503
04/05/2019,PUT,GOOG190405P01140000,2019-03-25 3:29PM EDT,1140,3.6,3.8,4.3,0.4,0.125,9,26,0.2484
04/05/2019,PUT,GOOG190405P01142500,2019-03-22 3:09PM EDT,1142.5,3.4,4.1,4.6,0,-,1,6,0.2461
04/05/2019,PUT,GOOG190405P01145000,2019-03-22 12:21PM EDT,1145,5.6,4.4,4.9,1.85,0.4933,1,21,0.2435
04/05/2019,PUT,GOOG190405P01147500,2019-03-22 3:13PM EDT,1147.5,3.9,4.8,5.2,0,-,1,16,0.2405
04/05/2019,PUT,GOOG190405P01150000,2019-03-25 1:48PM EDT,1150,6.2,5.1,5.6,3.75,1.5306,13,53,0.2388
04/05/2019,PUT,GOOG190405P01152500,2019-03-25 9:33AM EDT,1152.5,5.91,5.5,6,-1.03,-0.1484,1,13,0.2367
04/05/2019,PUT,GOOG190405P01155000,2019-03-25 2:22PM EDT,1155,7.6,6,6.5,2.3,0.434,9,12,0.2358
04/05/2019,PUT,GOOG190405P01157500,2019-03-25 12:08PM EDT,1157.5,6.5,6.4,6.9,1.3,0.25,4,27,0.2328
04/05/2019,PUT,GOOG190405P01160000,2019-03-25 3:51PM EDT,1160,7,6.9,7.4,3.25,0.8667,70,67,0.2309
04/05/2019,PUT,GOOG190405P01162500,2019-03-25 1:32PM EDT,1162.5,8.1,7.4,8,-6.5,-0.4452,3,1,0.23
04/05/2019,PUT,GOOG190405P01165000,2019-03-25 1:09PM EDT,1165,8.8,8,8.6,2.38,0.3707,30,6,0.2285
04/05/2019,PUT,GOOG190405P01167500,2019-03-25 2:23PM EDT,1167.5,10.8,8.6,9.2,3.96,0.5789,5,20,0.2265
04/05/2019,PUT,GOOG190405P01170000,2019-03-25 3:13PM EDT,1170,8.8,9.3,9.9,2.06,0.3056,8,40,0.2253
04/05/2019,PUT,GOOG190405P01175000,2019-03-25 2:00PM EDT,1175,11.6,10.7,11.3,7.78,2.0366,25,20,0.2214
04/05/2019,PUT,GOOG190405P01177500,2019-03-25 3:01PM EDT,1177.5,11.97,11.5,12.1,-1.53,-0.1133,3,1,0.2198
04/05/2019,PUT,GOOG190405P01180000,2019-03-25 3:27PM EDT,1180,11.55,12.3,13,0.79,0.0734,10,34,0.2189
04/05/2019,PUT,GOOG190405P01185000,2019-03-25 3:04PM EDT,1185,14.85,14.1,14.9,4.55,0.4417,6,29,0.2166
04/05/2019,PUT,GOOG190405P01187500,2019-03-21 9:33AM EDT,1187.5,16.7,15.1,15.8,9.02,1.1745,3,5,0.214
04/05/2019,PUT,GOOG190405P01190000,2019-03-25 3:27PM EDT,1190,15.16,16.1,16.9,1.96,0.1485,33,70,0.2131
04/05/2019,PUT,GOOG190405P01192500,2019-03-25 1:49PM EDT,1192.5,20,17.2,18.1,5.8,0.4085,2,2,0.2127
04/05/2019,PUT,GOOG190405P01195000,2019-03-25 3:36PM EDT,1195,17.7,18.4,19.2,8.7,0.9667,21,5,0.2105
04/05/2019,PUT,GOOG190405P01200000,2019-03-25 3:05PM EDT,1200,21.5,20.9,21.9,5.5,0.3438,38,27,0.2102
04/05/2019,PUT,GOOG190405P01202500,2019-03-25 9:53AM EDT,1202.5,19.8,22.2,23.3,4,0.2532,2,6,0.2096
04/05/2019,PUT,GOOG190405P01205000,2019-03-25 9:57AM EDT,1205,21.51,23.6,24.6,3.31,0.1819,2,4,0.2072
04/05/2019,PUT,GOOG190405P01207500,2019-03-25 12:51PM EDT,1207.5,25.35,25,26.1,6.45,0.3413,10,6,0.2065
04/05/2019,PUT,GOOG190405P01210000,2019-03-25 12:44PM EDT,1210,28.35,26.5,27.7,13.25,0.8775,4,8,0.2064
04/05/2019,PUT,GOOG190405P01215000,2019-03-25 12:25PM EDT,1215,32,29.7,30.9,9.4,0.4159,10,8,0.2042
04/05/2019,PUT,GOOG190405P01222500,2019-03-25 3:36PM EDT,1222.5,33.6,34.9,36,15.81,0.8887,12,2,0.1994
04/05/2019,PUT,GOOG190405P01225000,2019-03-25 1:45PM EDT,1225,38.36,36.7,37.7,9.86,0.346,6,11,0.1963
04/05/2019,PUT,GOOG190405P01232500,2019-03-18 9:50AM EDT,1232.5,31.2,33.6,34.7,-21.4,-0.4068,1,1,0
04/05/2019,PUT,GOOG190405P01260000,2019-03-22 12:29PM EDT,1260,53.65,66.7,68.5,0,-,20,13,0.2075
04/05/2019,PUT,GOOG190405P01270000,2019-03-21 1:08PM EDT,1270,48.5,76.4,78.2,0,-,1,1,0.219
04/05/2019,PUT,GOOG190405P01277500,2019-03-22 11:33AM EDT,1277.5,64.4,82.3,88.3,0,-,1,1,0.3112
04/12/2019,CALL,GOOG190412C00940000,2019-03-22 11:46AM EDT,940,270.4,250.3,259.5,0,-,1,0,0.5748
04/12/2019,CALL,GOOG190412C00960000,2019-03-18 12:00AM EDT,960,263.45,230.4,239.5,0,-,1,0,0.5344
04/12/2019,CALL,GOOG190412C01000000,2019-03-14 3:12PM EDT,1000,190.7,190.5,200,0,-,6,25,0.6009
04/12/2019,CALL,GOOG190412C01020000,2019-03-04 11:57AM EDT,1020,137,170.2,179.8,0,-,16,19,0.5452
04/12/2019,CALL,GOOG190412C01025000,2019-03-05 6:59PM EDT,1025,129.34,165.6,175,0,-,50,50,0.5367
04/12/2019,CALL,GOOG190412C01035000,2019-03-07 4:14PM EDT,1035,110.92,155.9,165.3,0,-,1,51,0.5173
04/12/2019,CALL,GOOG190412C01075000,2019-03-25 2:57PM EDT,1075,119.85,116.5,126,50.12,0.7188,8,1,0.4262
04/12/2019,CALL,GOOG190412C01095000,2019-03-01 2:48PM EDT,1095,59.72,98.6,107.3,0,-,1,0,0.3933
04/12/2019,CALL,GOOG190412C01100000,2019-03-08 2:19PM EDT,1100,54,93.9,102.5,0,-,1,3,0.3825
04/12/2019,CALL,GOOG190412C01102500,2019-03-11 12:08AM EDT,1102.5,71,91.5,100.2,0,-,1,1,0.3785
04/12/2019,CALL,GOOG190412C01110000,2019-03-22 11:48PM EDT,1110,94.9,99.6,101.2,0,-,1,1,0.4669
04/12/2019,CALL,GOOG190412C01115000,2019-03-22 11:48PM EDT,1115,113.31,94.9,96.5,0,-,1,1,0.4544
04/12/2019,CALL,GOOG190412C01120000,2019-03-20 2:34PM EDT,1120,108.53,78,79.5,0,-,2,6,0.2832
04/12/2019,CALL,GOOG190412C01122500,2019-03-25 3:55PM EDT,1122.5,77.8,75.7,77.2,1.6,0.021,9,5,0.2796
04/12/2019,CALL,GOOG190412C01130000,2019-03-20 9:37AM EDT,1130,75.8,69.1,70.6,0,-,5,11,0.2722
04/12/2019,CALL,GOOG190412C01135000,2019-03-22 11:48PM EDT,1135,87.4,76.6,78.1,0,-,1,3,0.4063
04/12/2019,CALL,GOOG190412C01137500,2019-03-22 11:18AM EDT,1137.5,85.1,62.7,64.1,0,-,1,2,0.2644
04/12/2019,CALL,GOOG190412C01140000,2019-03-20 2:48PM EDT,1140,89.9,60.6,62,0,-,2,17,0.2622
04/12/2019,CALL,GOOG190412C01145000,2019-03-25 3:18PM EDT,1145,59.3,56.4,57.8,-10.5,-0.1504,2,10,0.2571
04/12/2019,CALL,GOOG190412C01147500,2019-03-22 11:18AM EDT,1147.5,76.1,54.4,55.8,0,-,4,9,0.2555
04/12/2019,CALL,GOOG190412C01150000,2019-03-25 1:04PM EDT,1150,53.8,52.3,53.7,-13.13,-0.1962,10,34,0.2524
04/12/2019,CALL,GOOG190412C01152500,2019-03-08 4:02PM EDT,1152.5,24.65,50.4,51.7,0,-,8,4,0.2502
04/12/2019,CALL,GOOG190412C01155000,2019-03-25 10:29AM EDT,1155,54.5,48.4,49.7,-9.1,-0.1431,2,11,0.2477
04/12/2019,CALL,GOOG190412C01160000,2019-03-25 3:22PM EDT,1160,47.4,44.7,45.9,-10.1,-0.1757,5,15,0.2442
04/12/2019,CALL,GOOG190412C01165000,2019-03-20 12:51PM EDT,1165,52.99,41,42.2,0,-,1,41,0.2406
04/12/2019,CALL,GOOG190412C01167500,2019-03-20 2:39PM EDT,1167.5,64.26,39.2,40.4,0,-,1,1,0.2389
04/12/2019,CALL,GOOG190412C01170000,2019-03-25 1:27PM EDT,1170,38.3,37.4,38.6,-8.83,-0.1874,4,19,0.2368
04/12/2019,CALL,GOOG190412C01172500,2019-03-18 12:00AM EDT,1172.5,35.2,35.6,36.9,0,-,2,2,0.2354
04/12/2019,CALL,GOOG190412C01175000,2019-03-22 2:19PM EDT,1175,45.7,34,35.1,0,-,3,9,0.2327
04/12/2019,CALL,GOOG190412C01177500,2019-03-25 11:30AM EDT,1177.5,39,32.3,33.5,-4.27,-0.0987,3,1,0.2316
04/12/2019,CALL,GOOG190412C01180000,2019-03-25 3:31PM EDT,1180,33.35,30.7,31.9,-18.25,-0.3537,4,9,0.2302
04/12/2019,CALL,GOOG190412C01182500,2019-03-25 3:31PM EDT,1182.5,31.75,29.2,30.3,5.75,0.2212,6,5,0.2284
04/12/2019,CALL,GOOG190412C01185000,2019-03-20 3:33PM EDT,1185,45.86,27.7,28.8,0,-,2,5,0.2272
04/12/2019,CALL,GOOG190412C01187500,2019-03-25 3:18PM EDT,1187.5,28.4,26.2,27.3,-15.45,-0.3523,6,2,0.2257
04/12/2019,CALL,GOOG190412C01190000,2019-03-25 3:22PM EDT,1190,26.44,24.8,25.8,-9.61,-0.2666,11,35,0.2238
04/12/2019,CALL,GOOG190412C01192500,2019-03-25 1:05PM EDT,1192.5,24.5,23.4,24.4,-14.35,-0.3694,1,2,0.2224
04/12/2019,CALL,GOOG190412C01195000,2019-03-25 2:26PM EDT,1195,20.88,22,23.1,-14.75,-0.414,19,61,0.2216
04/12/2019,CALL,GOOG190412C01200000,2019-03-25 2:42PM EDT,1200,19.5,19.5,20.4,-10,-0.339,21,52,0.2179
04/12/2019,CALL,GOOG190412C01202500,2019-03-22 3:49PM EDT,1202.5,19.1,18.3,19.2,-8.2,-0.3004,20,13,0.2169
04/12/2019,CALL,GOOG190412C01205000,2019-03-25 3:18PM EDT,1205,18.8,17.1,18,-7.3,-0.2797,4,10,0.2155
04/12/2019,CALL,GOOG190412C01207500,2019-03-25 10:49AM EDT,1207.5,21,16,16.9,-9.47,-0.3108,5,12,0.2146
04/12/2019,CALL,GOOG190412C01210000,2019-03-25 3:10PM EDT,1210,16.05,14.9,15.8,-7.75,-0.3256,7,25,0.2132
04/12/2019,CALL,GOOG190412C01215000,2019-03-25 2:23PM EDT,1215,12.1,12.9,13.7,-8.4,-0.4098,8,4,0.2103
04/12/2019,CALL,GOOG190412C01217500,2019-03-25 9:45AM EDT,1217.5,16.7,12,12.7,-4,-0.1932,3,9,0.2087
04/12/2019,CALL,GOOG190412C01220000,2019-03-25 3:19PM EDT,1220,12.3,11.1,11.6,-7.5,-0.3788,5,34,0.2056
04/12/2019,CALL,GOOG190412C01222500,2019-03-25 9:36AM EDT,1222.5,15.1,10.3,11,-6.2,-0.2911,1,5,0.2072
04/12/2019,CALL,GOOG190412C01225000,2019-03-25 3:37PM EDT,1225,10.87,9.5,10.2,-14.78,-0.5762,5,5,0.2063
04/12/2019,CALL,GOOG190412C01230000,2019-03-25 3:59PM EDT,1230,8.8,8,8.7,-5.7,-0.3931,6,36,0.2043
04/12/2019,CALL,GOOG190412C01232500,2019-03-22 1:56PM EDT,1232.5,13,7.4,7.9,0,-,3,9,0.2021
04/12/2019,CALL,GOOG190412C01240000,2019-03-22 11:58AM EDT,1240,11.4,5.6,6,0,-,2,38,0.1982
04/12/2019,CALL,GOOG190412C01250000,2019-03-25 12:38PM EDT,1250,4,3.8,4.2,-3.48,-0.4652,2,47,0.1962
04/12/2019,CALL,GOOG190412C01260000,2019-03-25 2:13PM EDT,1260,2.55,2.55,2.9,-2.8,-0.5234,3,68,0.1952
04/12/2019,CALL,GOOG190412C01270000,2019-03-22 2:39PM EDT,1270,3.9,1.65,1.95,0,-,1,27,0.1942
04/12/2019,CALL,GOOG190412C01280000,2019-03-25 10:08AM EDT,1280,1.85,1.05,1.35,-0.7,-0.2745,3,13,0.1955
04/12/2019,CALL,GOOG190412C01290000,2019-03-25 11:18AM EDT,1290,1.2,0.65,0.9,-0.55,-0.3143,4,6,0.1959
04/12/2019,CALL,GOOG190412C01310000,2019-03-25 10:17AM EDT,1310,0.6,0.25,0.5,-0.4,-0.4,2,2,0.2052
04/12/2019,CALL,GOOG190412C01320000,2019-03-25 3:18PM EDT,1320,0.25,0.2,0.4,-0.55,-0.6875,2,12,0.2118
04/12/2019,CALL,GOOG190412C01380000,2019-03-20 2:58PM EDT,1380,0.25,0,0.2,0,-,10,10,0.2642
04/12/2019,CALL,GOOG190412C01400000,2019-03-07 10:58AM EDT,1400,0.1,0,0.1,0,-,10,10,0.2656
04/12/2019,PUT,GOOG190412P00960000,2019-03-06 11:31AM EDT,960,1.1,0.05,0.25,0,-,3,3,0.3945
04/12/2019,PUT,GOOG190412P00970000,2019-03-11 10:08AM EDT,970,1.3,0.1,0.3,0,-,3,3,0.3862
04/12/2019,PUT,GOOG190412P00990000,2019-03-25 2:18PM EDT,990,0.35,0.2,0.45,-0.13,-0.2708,1,1,0.3716
04/12/2019,PUT,GOOG190412P01000000,2019-03-15 2:19PM EDT,1000,0.75,0.3,0.5,0,-,5,13,0.3594
04/12/2019,PUT,GOOG190412P01010000,2019-03-25 11:27AM EDT,1010,0.48,0.35,0.6,-0.01,-0.0204,2,1,0.3508
04/12/2019,PUT,GOOG190412P01025000,2019-03-13 2:09PM EDT,1025,0.95,0.5,0.75,0,-,4,9,0.3353
04/12/2019,PUT,GOOG190412P01030000,2019-03-12 3:14PM EDT,1030,1.2,0.5,0.8,0,-,1,3,0.3296
04/12/2019,PUT,GOOG190412P01040000,2019-03-08 1:14PM EDT,1040,5.4,0.75,0.95,0,-,5,5,0.3202
04/12/2019,PUT,GOOG190412P01045000,2019-03-12 10:34AM EDT,1045,1.61,0.8,1.05,0,-,6,6,0.3163
04/12/2019,PUT,GOOG190412P01050000,2019-03-25 12:33PM EDT,1050,1.05,0.9,1.1,-0.34,-0.2446,6,22,0.3093
04/12/2019,PUT,GOOG190412P01055000,2019-03-12 10:49AM EDT,1055,1.48,1,1.25,0,-,1,2,0.3068
04/12/2019,PUT,GOOG190412P01060000,2019-03-20 2:25PM EDT,1060,0.8,1.1,1.35,0,-,4,12,0.3014
04/12/2019,PUT,GOOG190412P01065000,2019-03-05 11:40AM EDT,1065,5.33,1.25,1.5,0,-,1,2,0.2976
04/12/2019,PUT,GOOG190412P01070000,2019-03-25 2:18PM EDT,1070,1.75,1.35,1.65,-0.15,-0.0789,11,17,0.2933
04/12/2019,PUT,GOOG190412P01075000,2019-03-25 3:08PM EDT,1075,1.6,1.55,1.8,0.1,0.0667,1,6,0.2883
04/12/2019,PUT,GOOG190412P01080000,2019-03-21 12:47PM EDT,1080,1.1,1.7,2,0,-,1,5,0.2845
04/12/2019,PUT,GOOG190412P01082500,2019-03-21 12:47PM EDT,1082.5,1.16,1.8,2.1,0,-,1,2,0.2823
04/12/2019,PUT,GOOG190412P01085000,2019-03-22 11:40AM EDT,1085,1.71,1.9,2.2,0,-,1,7,0.28
04/12/2019,PUT,GOOG190412P01087500,2019-03-25 11:42AM EDT,1087.5,1.85,2,2.3,-3.22,-0.6351,1,1,0.2775
04/12/2019,PUT,GOOG190412P01090000,2019-03-19 1:31PM EDT,1090,1.3,2.1,2.4,0,-,1,2,0.2749
04/12/2019,PUT,GOOG190412P01092500,2019-03-11 12:11AM EDT,1092.5,13.8,2.25,2.55,0,-,13,13,0.2734
04/12/2019,PUT,GOOG190412P01095000,2019-03-14 12:21PM EDT,1095,2.95,2.35,2.8,0,-,1,20,0.2742
04/12/2019,PUT,GOOG190412P01100000,2019-03-22 11:30AM EDT,1100,2.1,2.6,2.95,0,-,12,23,0.2667
04/12/2019,PUT,GOOG190412P01102500,2019-03-08 4:00PM EDT,1102.5,1.7,2.8,3.1,0,-,2,2,0.2645
04/12/2019,PUT,GOOG190412P01105000,2019-03-18 12:03AM EDT,1105,3.7,2.95,3.3,0,-,1,1,0.2632
04/12/2019,PUT,GOOG190412P01107500,2019-03-18 12:03AM EDT,1107.5,3.6,3.1,3.5,0,-,3,3,0.2616
04/12/2019,PUT,GOOG190412P01110000,2019-03-12 9:41AM EDT,1110,4.7,3.3,3.6,0,-,1,9,0.2579
04/12/2019,PUT,GOOG190412P01115000,2019-03-13 3:33PM EDT,1115,2.3,3.7,4.1,0,-,1,14,0.2557
04/12/2019,PUT,GOOG190412P01117500,2019-03-25 3:36PM EDT,1117.5,3.8,3.9,4.3,-1.66,-0.304,1,16,0.2533
04/12/2019,PUT,GOOG190412P01120000,2019-03-25 12:03PM EDT,1120,4.25,4.1,4.6,0.55,0.1486,1,10,0.2524
04/12/2019,PUT,GOOG190412P01125000,2019-03-22 10:18AM EDT,1125,2.56,4.6,5.1,0,-,2,17,0.2483
04/12/2019,PUT,GOOG190412P01130000,2019-03-25 11:27AM EDT,1130,4.6,5.2,5.6,2.05,0.8039,2,22,0.2433
04/12/2019,PUT,GOOG190412P01135000,2019-03-18 9:44AM EDT,1135,8.1,5.4,6.4,0,-,1,2,0.2417
04/12/2019,PUT,GOOG190412P01140000,2019-03-25 10:46AM EDT,1140,6.7,6.6,6.9,1.1,0.1964,1,18,0.2349
04/12/2019,PUT,GOOG190412P01142500,2019-03-22 9:46AM EDT,1142.5,3.5,7,7.5,0,-,3,3,0.2359
04/12/2019,PUT,GOOG190412P01145000,2019-03-22 9:54AM EDT,1145,4.3,7.4,8,0,-,1,9,0.2351
04/12/2019,PUT,GOOG190412P01147500,2019-03-22 10:24AM EDT,1147.5,4.1,7.8,8.4,0,-,2,23,0.2328
04/12/2019,PUT,GOOG190412P01150000,2019-03-25 2:19PM EDT,1150,10,8.3,8.9,3.6,0.5625,2,48,0.2314
04/12/2019,PUT,GOOG190412P01155000,2019-03-22 10:23AM EDT,1155,4.7,9.3,10,0,-,3,7,0.2288
04/12/2019,PUT,GOOG190412P01157500,2019-03-22 9:57AM EDT,1157.5,5.6,9.9,10.6,0,-,1,3,0.2276
04/12/2019,PUT,GOOG190412P01160000,2019-03-25 10:14AM EDT,1160,10.55,10.5,11.2,1.12,0.1188,1,28,0.2261
04/12/2019,PUT,GOOG190412P01162500,2019-03-25 9:42AM EDT,1162.5,9.3,11.1,11.8,1.7,0.2237,3,12,0.2243
04/12/2019,PUT,GOOG190412P01165000,2019-03-25 11:49AM EDT,1165,11.1,11.8,12.5,1.08,0.1078,9,23,0.2232
04/12/2019,PUT,GOOG190412P01170000,2019-03-25 3:10PM EDT,1170,13.45,13.2,13.6,3,0.2871,3,31,0.2169
04/12/2019,PUT,GOOG190412P01172500,2019-03-25 3:10PM EDT,1172.5,13.9,14,14.4,7.15,1.0593,22,20,0.2158
04/12/2019,PUT,GOOG190412P01175000,2019-03-25 10:35AM EDT,1175,13.8,14.8,15.6,2.25,0.1948,2,5,0.2182
04/12/2019,PUT,GOOG190412P01177500,2019-03-25 2:24PM EDT,1177.5,18.4,15.6,16.4,-0.3,-0.016,6,4,0.2163
04/12/2019,PUT,GOOG190412P01180000,2019-03-25 12:52PM EDT,1180,17.18,16.5,17.3,10.28,1.4899,6,15,0.2151
04/12/2019,PUT,GOOG190412P01182500,2019-03-25 9:42AM EDT,1182.5,14.1,17.4,18.3,-3.25,-0.1873,3,3,0.2144
04/12/2019,PUT,GOOG190412P01185000,2019-03-22 2:24PM EDT,1185,15,18.4,19.2,0,-,6,7,0.2124
04/12/2019,PUT,GOOG190412P01187500,2019-03-18 12:03AM EDT,1187.5,20.2,19.4,20.3,0,-,1,1,0.2118
04/12/2019,PUT,GOOG190412P01190000,2019-03-25 2:02PM EDT,1190,21.3,20.4,21.3,3.59,0.2027,12,52,0.21
04/12/2019,PUT,GOOG190412P01192500,2019-03-25 12:55PM EDT,1192.5,21.99,21.5,22.4,0.99,0.0471,7,4,0.2087
04/12/2019,PUT,GOOG190412P01195000,2019-03-25 1:56PM EDT,1195,24.26,22.7,23.6,11.12,0.8463,11,17,0.2079
04/12/2019,PUT,GOOG190412P01197500,2019-03-25 10:46AM EDT,1197.5,22.29,23.9,24.8,-2.21,-0.0902,1,7,0.2067
04/12/2019,PUT,GOOG190412P01200000,2019-03-25 2:42PM EDT,1200,27.1,25.1,26.1,7.3,0.3687,32,13,0.206
04/12/2019,PUT,GOOG190412P01205000,2019-03-25 1:56PM EDT,1205,29.47,27.7,28.8,1.47,0.0525,11,6,0.2043
04/12/2019,PUT,GOOG190412P01222500,2019-03-18 12:03AM EDT,1222.5,37.1,38.3,39.5,0,-,1,1,0.1968
04/12/2019,PUT,GOOG190412P01232500,2019-03-25 9:38AM EDT,1232.5,39.1,45.3,46.3,-8.2,-0.1734,1,1,0.1891
04/12/2019,PUT,GOOG190412P01240000,2019-03-18 12:03AM EDT,1240,47.2,51.1,52.5,-6.1,-0.1144,1,1,0.1917
04/12/2019,PUT,GOOG190412P01290000,2019-03-18 12:03AM EDT,1290,101.9,96.2,98.1,0,-,1,1,0.2039